,loss,output1_loss,output2_loss,output1_acc,output1_recall,output1_precision,output2_acc,output2_recall,output2_precision,val_loss,val_output1_loss,val_output2_loss,val_output1_acc,val_output1_recall,val_output1_precision,val_output2_acc,val_output2_recall,val_output2_precision
0,4.056056022644043,2.005976676940918,2.050063133239746,0.16711898148059845,0.0,0.0,0.26151758432388306,0.0,0.0,4.066575325789986,2.0528717041015625,2.0171518325805664,0.06460576504468918,0.0,0.0,0.3122611939907074,0.0,0.0
1,4.04828155040741,1.953573226928711,2.0946919918060303,0.28136128187179565,0.0,0.0,0.18671298027038574,0.0,0.0,4.025468736027793,1.9841340780258179,2.0418124198913574,0.09708231687545776,0.0,0.0,0.28864189982414246,0.0,0.0
2,4.027151584625244,1.9782968759536743,2.0488386154174805,0.1656426340341568,0.0,0.0,0.27058184146881104,0.0,0.0,4.03138264983675,1.9116878509521484,2.1195895671844482,0.36748871207237244,0.0,0.0,0.14119486510753632,0.0,0.0
3,4.017843842506409,1.9517230987548828,2.0661046504974365,0.2350955307483673,0.0,0.0,0.2359965294599533,0.0,0.0,4.010561812292498,1.9768165349960327,2.0321147441864014,0.1097603365778923,0.0,0.0,0.29280999302864075,0.0,0.0
4,4.004389762878418,1.9362051486968994,2.0681684017181396,0.284943550825119,0.0,0.0,0.23128527402877808,0.0,0.0,3.996607367385382,1.9337811470031738,2.063291311264038,0.29315733909606934,0.0,0.0,0.2304619699716568,0.0,0.0
5,3.9933266043663025,1.9564266204833984,2.03688383102417,0.18990446627140045,0.0,0.0,0.2893291413784027,0.0,0.0,3.988130671897668,1.9301234483718872,2.0577642917633057,0.3011462390422821,0.0,0.0,0.23515109717845917,0.0,0.0
6,3.9835124611854553,1.921790361404419,2.061706066131592,0.33523663878440857,0.0,0.0,0.2317846268415451,0.0,0.0,3.9809753807024144,1.9484370946884155,2.0325257778167725,0.21170544624328613,0.0,0.0,0.2770059108734131,0.0,0.0
7,3.9735718965530396,1.9410414695739746,2.0325143337249756,0.24265089631080627,0.0,0.0,0.2837711572647095,0.0,0.0,3.9715491079050205,1.9124666452407837,2.0579686164855957,0.34977424144744873,0.0,0.0,0.21830496191978455,0.0,0.0
8,3.963475525379181,1.9201645851135254,2.043294906616211,0.3271276652812958,0.0,0.0,0.2531697750091553,0.0,0.0,3.96221387622339,1.9374542236328125,2.02461838722229,0.25286558270454407,0.0,0.0,0.27804791927337646,0.0,0.0
9,3.9528884887695312,1.9188517332077026,2.0340209007263184,0.31929004192352295,0.0,0.0,0.26259225606918335,0.0,0.0,3.950320599103148,1.9111865758895874,2.038726329803467,0.3327544331550598,0.0,0.0,0.23202501237392426,0.0,0.0
10,3.9418347477912903,1.9173098802566528,2.0245091915130615,0.3209509253501892,0.0,0.0,0.270929217338562,0.0,0.0,3.939803497291928,1.9090356826782227,2.0320322513580322,0.3324070870876312,0.0,0.0,0.23654046654701233,0.0,0.0
11,3.9305848479270935,1.9036839008331299,2.026885509490967,0.3418258726596832,0.0,0.0,0.2585866153240204,0.0,0.0,3.929632906865726,1.9155815839767456,2.0152952671051025,0.3044459819793701,0.0,0.0,0.2671066224575043,0.0,0.0
12,3.9189082384109497,1.9003777503967285,2.01851487159729,0.33528006076812744,0.0,0.0,0.2732631266117096,0.0,0.0,3.9171636681790236,1.89982271194458,2.01810359954834,0.32650226354599,0.0,0.0,0.26450157165527344,0.0,0.0
13,3.906496286392212,1.895680546760559,2.0108001232147217,0.3324902355670929,0.0,0.0,0.2863655984401703,0.0,0.0,3.904736083263571,1.8891750574111938,2.0186378955841064,0.33570683002471924,0.0,0.0,0.27440083026885986,0.0,0.0
14,3.8932852745056152,1.8870837688446045,2.00618577003479,0.33829787373542786,0.0,0.0,0.29529961943626404,0.0,0.0,3.891132688638277,1.883157730102539,2.0094711780548096,0.3301493525505066,0.0,0.0,0.2881208658218384,0.0,0.0
15,3.879034459590912,1.8783162832260132,2.000702381134033,0.34279200434684753,0.0,0.0,0.30570995807647705,0.0,0.0,3.876239473847061,1.8767560720443726,1.9990161657333374,0.33136504888534546,0.0,0.0,0.2985411584377289,0.0,0.0
16,3.863295078277588,1.8689794540405273,1.9943000078201294,0.34690621495246887,0.0,0.0,0.31532782316207886,0.0,0.0,3.8598018914885555,1.8667887449264526,1.9902677536010742,0.33101770281791687,0.0,0.0,0.3113928437232971,0.0,0.0
17,3.8459300994873047,1.8587994575500488,1.9871149063110352,0.3527030050754547,0.0,0.0,0.3249891400337219,0.0,0.0,3.8414966408350932,1.8545937538146973,1.9840644598007202,0.3393539488315582,0.0,0.0,0.32129210233688354,0.0,0.0
18,3.8266431093215942,1.8471654653549194,1.9794620275497437,0.3600738048553467,0.0,0.0,0.3352583646774292,0.0,0.0,3.821028848040555,1.8411449193954468,1.9801748991012573,0.34873220324516296,0.0,0.0,0.3294546604156494,0.0,0.0
19,3.8052936792373657,1.8332701921463013,1.9720077514648438,0.3702996075153351,0.0,0.0,0.34539729356765747,0.0,0.0,3.7984769800629374,1.8273369073867798,1.9716154336929321,0.3647099733352661,0.0,0.0,0.33883291482925415,0.0,0.0
20,3.781818211078644,1.8172886371612549,1.964513897895813,0.3849869668483734,0.0,0.0,0.3510529696941376,0.0,0.0,3.7736035236346717,1.813645362854004,1.9614896774291992,0.3763459622859955,0.0,0.0,0.3471691608428955,0.0,0.0
21,3.7560736536979675,1.800563931465149,1.9554938077926636,0.39931610226631165,0.0,0.0,0.35451585054397583,0.0,0.0,3.7461401180659535,1.7936854362487793,1.9540375471115112,0.40291768312454224,0.0,0.0,0.3475165069103241,0.0,0.0
22,3.728144407272339,1.7801823616027832,1.9479464292526245,0.41873642802238464,0.0,0.0,0.35229048132896423,2.1710811779485084e-05,1.0,3.716938044470853,1.775057315826416,1.9394351243972778,0.412295937538147,0.0,0.0,0.34873220324516296,0.0,0.0
23,3.6985923051834106,1.7573981285095215,1.941178321838379,0.44026270508766174,0.0,0.0,0.3481979966163635,7.598783849971369e-05,1.0,3.6879072691177734,1.7634555101394653,1.9233437776565552,0.4145536720752716,0.0,0.0,0.35290032625198364,0.0006946856738068163,0.800000011920929
24,3.667545735836029,1.738145112991333,1.9293849468231201,0.4538319706916809,3.256621857872233e-05,1.0,0.34249892830848694,0.00030395135399885476,0.5283018946647644,3.654283976380963,1.715762734413147,1.9354900121688843,0.4678708016872406,0.001042028539814055,1.0,0.3232024908065796,0.0006946856738068163,0.6666666865348816
25,3.6352269649505615,1.7070361375808716,1.9281750917434692,0.480471134185791,0.0006079027079977095,1.0,0.3276704251766205,0.0007598784286528826,0.5147058963775635,3.622199872749967,1.7088088989257812,1.9191217422485352,0.47012850642204285,0.0017367141554132104,1.0,0.32511287927627563,0.002952414099127054,0.53125
26,3.6019310355186462,1.6858454942703247,1.9160698652267456,0.49400782585144043,0.003951367922127247,1.0,0.3212548792362213,0.0034737298265099525,0.5306799411773682,3.587925320493136,1.671645164489746,1.9240728616714478,0.49774226546287537,0.013025356456637383,1.0,0.30653005838394165,0.005731156561523676,0.5409836173057556
27,3.568642556667328,1.6545910835266113,1.914035677909851,0.5128093957901001,0.015523230656981468,1.0,0.3095093369483948,0.00778332632035017,0.5390977263450623,3.5548124634668867,1.6448391675949097,1.910645842552185,0.5095519423484802,0.019624870270490646,1.0,0.3013198971748352,0.011288641951978207,0.5416666865348816
28,3.5366514921188354,1.631669282913208,1.9049663543701172,0.5231111645698547,0.021895354613661766,1.0,0.3059596121311188,0.01291793305426836,0.5391934514045715,3.5224580657941758,1.604762077331543,1.9152249097824097,0.5137200355529785,0.027787426486611366,1.0,0.2981938123703003,0.013546369969844818,0.5379310250282288
29,3.5040058493614197,1.5975735187530518,1.906416416168213,0.5323816537857056,0.03184976056218147,1.0,0.2998371720314026,0.016283109784126282,0.5317263603210449,3.4926413526631097,1.6021366119384766,1.8856358528137207,0.5335186123847961,0.027440084144473076,1.0,0.29906216263771057,0.020666899159550667,0.5173913240432739
30,3.4728455543518066,1.5794148445129395,1.8934149742126465,0.5418150424957275,0.043844982981681824,1.0,0.2981654405593872,0.021113764494657516,0.5161889791488647,3.4604665884420083,1.559407114982605,1.907159447669983,0.5239666700363159,0.06564779579639435,1.0,0.29298368096351624,0.022577283903956413,0.5439330339431763
31,3.442996025085449,1.5497827529907227,1.8931975364685059,0.5426508784294128,0.06492618471384048,1.0,0.29591837525367737,0.024902300909161568,0.5242230296134949,3.432468379193936,1.544171929359436,1.8775540590286255,0.5357763171195984,0.06998957693576813,1.0,0.29246264696121216,0.03126085549592972,0.5454545617103577
32,3.413533329963684,1.5289266109466553,1.8845908641815186,0.5463091731071472,0.07739904522895813,1.0,0.2944962978363037,0.03321754187345505,0.5521472096443176,3.405481386863759,1.5280046463012695,1.8777014017105103,0.532823920249939,0.07971517741680145,1.0,0.2898575961589813,0.037339355796575546,0.5764074921607971
33,3.387666404247284,1.5077531337738037,1.8798975944519043,0.5481871366500854,0.08763569593429565,0.9996285438537598,0.292553186416626,0.04437689855694771,0.6087862849235535,3.384490175767258,1.5368515253067017,1.8539167642593384,0.525877058506012,0.07954150438308716,1.0,0.28951025009155273,0.04810698330402374,0.5995671153068542
34,3.36184024810791,1.49830961227417,1.8635149002075195,0.5475032329559326,0.09231436997652054,0.9995298385620117,0.2917173206806183,0.05441815033555031,0.6406390070915222,3.3544499098157337,1.4676737785339355,1.88735830783844,0.5349079370498657,0.10507120192050934,0.9983498454093933,0.2877735197544098,0.058353595435619354,0.6913580298423767
35,3.335829436779022,1.4690346717834473,1.866779088973999,0.5505102276802063,0.10321319848299026,0.9990543127059937,0.2899370491504669,0.06589231640100479,0.6922901272773743,3.3333391493995723,1.4952298402786255,1.834416389465332,0.5390760898590088,0.09725598990917206,0.9982174634933472,0.287078857421875,0.07641541957855225,0.7108238935470581
36,3.3113114833831787,1.465987205505371,1.845308542251587,0.5590642690658569,0.10473296046257019,0.9989646077156067,0.29348674416542053,0.08138298243284225,0.7314146161079407,3.3032168549520766,1.4500970840454102,1.8549138307571411,0.5524487495422363,0.10941299051046371,0.9984152317047119,0.30982980132102966,0.08770406246185303,0.7548580169677734
37,3.2857648730278015,1.4417836666107178,1.8439655303955078,0.5592488050460815,0.11156100779771805,0.9984455704689026,0.30402734875679016,0.10378853976726532,0.7828543186187744,3.27913806106366,1.4370592832565308,1.8412128686904907,0.5587009191513062,0.11149704456329346,0.9984447956085205,0.3039249777793884,0.116880863904953,0.8069544434547424
38,3.261276602745056,1.428835391998291,1.8324254751205444,0.5637103915214539,0.11556664854288101,0.9976571798324585,0.30065131187438965,0.1278875321149826,0.8263309001922607,3.2584104051851654,1.4445933103561401,1.8128466606140137,0.5350816249847412,0.10889197885990143,0.9984076619148254,0.28916290402412415,0.1705453246831894,0.850953221321106
39,3.241823375225067,1.4181170463562012,1.8236905336380005,0.5516717433929443,0.12524966895580292,0.9960290193557739,0.3146982192993164,0.14360617101192474,0.8433635234832764,3.2437497076370434,1.431752324104309,1.816225528717041,0.5220562815666199,0.11375477910041809,0.9984756112098694,0.2879472076892853,0.20354290306568146,0.8425593376159668
40,3.220801293849945,1.4093667268753052,1.8114187717437744,0.5573708415031433,0.12414242327213287,0.996688187122345,0.29837170243263245,0.18201258778572083,0.8605964183807373,3.230645967714072,1.4173892736434937,1.8143340349197388,0.5224035978317261,0.12365404516458511,0.9660786986351013,0.3509899377822876,0.09169850498437881,0.802431583404541
41,3.209582507610321,1.394570231437683,1.814996600151062,0.5454515814781189,0.13478071987628937,0.9728120565414429,0.320125937461853,0.14865392446517944,0.838322639465332,3.1968158871484076,1.3986124992370605,1.8049883842468262,0.5352553129196167,0.11809656023979187,0.9941520690917969,0.28586316108703613,0.20319555699825287,0.887035608291626
42,3.194954991340637,1.398394227027893,1.7965450286865234,0.5485888123512268,0.13454189896583557,0.9341272115707397,0.30811983346939087,0.17332826554775238,0.8227867484092712,3.1944372351693793,1.3850784301757812,1.8144841194152832,0.5164988040924072,0.16846127808094025,0.9979423880577087,0.280131995677948,0.21743661165237427,0.8231426477432251
43,3.1700246930122375,1.366739273071289,1.803269624710083,0.5574142336845398,0.16224490106105804,0.9924302697181702,0.28899261355400085,0.1976335197687149,0.843768835067749,3.1759419913257148,1.3441232442855835,1.8386679887771606,0.5164988040924072,0.20788468420505524,0.9933609962463379,0.2936783730983734,0.21761028468608856,0.8276090025901794
44,3.152127981185913,1.3455560207366943,1.8065563440322876,0.568139374256134,0.1801346093416214,0.989682137966156,0.29578810930252075,0.20079244673252106,0.8455384969711304,3.1530084280389676,1.355423927307129,1.788155198097229,0.5210142135620117,0.17523445188999176,0.9980217814445496,0.2810003459453583,0.21865230798721313,0.819128155708313
45,3.129272937774658,1.3384430408477783,1.7908142805099487,0.5663807988166809,0.18966566026210785,0.9920508861541748,0.29193443059921265,0.21258141100406647,0.8503256440162659,3.1318633766710944,1.336086392402649,1.8009285926818848,0.5210142135620117,0.20475859940052032,0.9966187477111816,0.2768322229385376,0.21813128888607025,0.8446536660194397
46,3.1101375222206116,1.325000286102295,1.7851216793060303,0.5721341967582703,0.2008792906999588,0.9930238723754883,0.28723403811454773,0.2169235795736313,0.8566835522651672,3.1131045024980475,1.3136941194534302,1.800561547279358,0.5218825936317444,0.2195206731557846,0.9968454241752625,0.2804793417453766,0.21795763075351715,0.8468286395072937
47,3.09189236164093,1.3055965900421143,1.7862802743911743,0.5629070997238159,0.22130915522575378,0.9932280778884888,0.2863764762878418,0.21804168820381165,0.8458687663078308,3.0961026692398725,1.3101361989974976,1.7895053625106812,0.5257033705711365,0.21778395771980286,0.996820330619812,0.28221604228019714,0.21830496191978455,0.8307997584342957
48,3.075187563896179,1.2936546802520752,1.781517505645752,0.5602149367332458,0.2259444147348404,0.9930343627929688,0.28561657667160034,0.21876899898052216,0.8237819075584412,3.077894746449806,1.2962175607681274,1.787339687347412,0.5350816249847412,0.22855158150196075,0.9947090148925781,0.2829107344150543,0.2163945883512497,0.8295605778694153
49,3.0591739416122437,1.2825844287872314,1.7765741348266602,0.5654906630516052,0.22844116389751434,0.9931568503379822,0.2831198573112488,0.21793313324451447,0.8069131970405579,3.0611129429821506,1.2754416465759277,1.7905336618423462,0.5732893347740173,0.24053490161895752,0.9892857074737549,0.2830843925476074,0.21378950774669647,0.8077427744865417
50,3.043079674243927,1.2670267820358276,1.7760374546051025,0.5690621137619019,0.2343030869960785,0.9922309517860413,0.2817629277706146,0.2175966203212738,0.7870352268218994,3.04674200458467,1.258276343345642,1.780155062675476,0.5797151923179626,0.24383465945720673,0.988036572933197,0.28204238414764404,0.20857936143875122,0.7839425802230835
51,3.0278873443603516,1.252638578414917,1.775233268737793,0.5701801776885986,0.23679982125759125,0.99177086353302,0.2808510661125183,0.2148827612400055,0.7794227600097656,3.0311063875461377,1.2536011934280396,1.7832568883895874,0.5698159337043762,0.2445293515920639,0.9894589185714722,0.27891629934310913,0.2091003805398941,0.7722899317741394
52,3.012834668159485,1.2406032085418701,1.7722159624099731,0.57429438829422,0.23861268162727356,0.9921462535858154,0.2771602272987366,0.21382978558540344,0.7688524723052979,3.0168037457613535,1.2342604398727417,1.7848700284957886,0.5526224374771118,0.2445293515920639,0.9936485290527344,0.2664119601249695,0.21066342294216156,0.7609786987304688
53,2.9993231892585754,1.229310393333435,1.7699973583221436,0.566630482673645,0.2387646585702896,0.992733359336853,0.26199522614479065,0.21257056295871735,0.7569092512130737,3.0098536605013457,1.208819031715393,1.8030589818954468,0.6031607985496521,0.24609239399433136,0.986082136631012,0.2837790846824646,0.20493227243423462,0.8538350462913513
54,2.9939098358154297,1.2166507244110107,1.7772436141967773,0.5814915299415588,0.22580330073833466,0.9887346625328064,0.25953105092048645,0.2094767689704895,0.7620646357536316,2.9958333221314972,1.2423286437988281,1.7569913864135742,0.529697835445404,0.2370614856481552,0.9956236481666565,0.22177839279174805,0.2054532766342163,0.6971125602722168
55,2.975781798362732,1.2073826789855957,1.7683836221694946,0.5691272020339966,0.2384498417377472,0.9929032921791077,0.24297654628753662,0.2091076821088791,0.7359593510627747,2.9773478202415697,1.1947206258773804,1.7811341285705566,0.604376494884491,0.24574504792690277,0.9888190031051636,0.2658909261226654,0.20302188396453857,0.7751989364624023
56,2.9594585299491882,1.1873960494995117,1.7720470428466797,0.5958532094955444,0.2408054769039154,0.992394745349884,0.24347589910030365,0.20847807824611664,0.7528715133666992,2.9655636917099684,1.199360966682434,1.7626123428344727,0.5288294553756714,0.24574504792690277,0.99507737159729,0.21882598102092743,0.20319555699825287,0.6610169410705566
57,2.9467164874076843,1.1758261919021606,1.7708752155303955,0.5817737579345703,0.24088145792484283,0.9929744601249695,0.22977638244628906,0.20788101851940155,0.7259287238121033,2.9508116193925726,1.1697036027908325,1.7810572385787964,0.6026397943496704,0.24591872096061707,0.9895178079605103,0.2195206731557846,0.2023271918296814,0.7639344334602356
58,2.93319970369339,1.1595942974090576,1.773590087890625,0.5979374647140503,0.24102257192134857,0.9925790429115295,0.224272683262825,0.20721884071826935,0.733994722366333,2.937666585603577,1.1677864789962769,1.776450514793396,0.5854463577270508,0.24574504792690277,0.9943780899047852,0.21882598102092743,0.2023271918296814,0.7107992768287659
59,2.920493006706238,1.1482923030853271,1.7721853256225586,0.600227952003479,0.2410334348678589,0.9932453632354736,0.22399044036865234,0.20693659782409668,0.7275954484939575,2.9247477661615116,1.145878553390503,1.7744475603103638,0.6059395670890808,0.24591872096061707,0.9936842322349548,0.21882598102092743,0.2025008648633957,0.7324120402336121
60,2.9081050753593445,1.1367400884628296,1.771349549293518,0.6085432171821594,0.24112027883529663,0.9936032295227051,0.22394701838493347,0.20684975385665894,0.7195725440979004,2.9127182067786292,1.137007236480713,1.7830454111099243,0.6080236434936523,0.24591872096061707,0.9936842322349548,0.21882598102092743,0.201979860663414,0.7379441857337952
61,2.8956156969070435,1.120398759841919,1.7752015590667725,0.6180959343910217,0.24166305363178253,0.9933071732521057,0.22392530739307404,0.20661094784736633,0.7297090291976929,2.9017262212018577,1.1312707662582397,1.7718385457992554,0.601597785949707,0.25738102197647095,0.9952988624572754,0.21882598102092743,0.201979860663414,0.6845203042030334
62,2.8843244314193726,1.111305832862854,1.773003339767456,0.6174771785736084,0.2506513297557831,0.9940161108970642,0.22394701838493347,0.20637212693691254,0.7160452008247375,2.888588362246928,1.1141650676727295,1.779585361480713,0.6092393398284912,0.2615491449832916,0.9953734278678894,0.21882598102092743,0.2016325145959854,0.7179962992668152
63,2.8720902800559998,1.0983521938323975,1.7737228870391846,0.6204190254211426,0.26217976212501526,0.9945642948150635,0.22401215136051178,0.20619843900203705,0.7146350741386414,2.8781198340598473,1.0885629653930664,1.7839117050170898,0.6075025796890259,0.2551233172416687,0.9945836067199707,0.21865230798721313,0.20145884156227112,0.7435897588729858
64,2.861794114112854,1.0862452983856201,1.775533676147461,0.6193877458572388,0.27040815353393555,0.9941730499267578,0.22403386235237122,0.20582935214042664,0.7060772776603699,2.866083451880892,1.0825523138046265,1.787521243095398,0.6078499555587769,0.27509552240371704,0.9949748516082764,0.21830496191978455,0.20128516852855682,0.7368086576461792
65,2.8493612408638,1.0722534656524658,1.7770923376083374,0.6200281977653503,0.2810898721218109,0.994087815284729,0.22392530739307404,0.20557968318462372,0.7210630774497986,2.854262184376268,1.0758299827575684,1.7771247625350952,0.6081972718238831,0.29176798462867737,0.9946714043617249,0.21830496191978455,0.20111149549484253,0.7264742851257324
66,2.837957501411438,1.061374545097351,1.7765676975250244,0.6190729737281799,0.2920212745666504,0.994124174118042,0.223664790391922,0.20549283921718597,0.720785915851593,2.843153032837497,1.060602068901062,1.7840346097946167,0.6073289513587952,0.2974991202354431,0.9941961765289307,0.21795763075351715,0.20111149549484253,0.7210460901260376
67,2.8273026943206787,1.0511064529418945,1.7761809825897217,0.6175640225410461,0.2977854907512665,0.9939130544662476,0.2236105054616928,0.2055036872625351,0.713381290435791,2.834642595116899,1.0450364351272583,1.7996768951416016,0.5949982404708862,0.2938520312309265,0.9935408234596252,0.21795763075351715,0.20076414942741394,0.7458064556121826
68,2.828583538532257,1.0503281354904175,1.7782402038574219,0.6136561036109924,0.3057533800601959,0.9941759705543518,0.2235996574163437,0.20416846871376038,0.6575763821601868,2.8266724735218935,1.0288559198379517,1.7940655946731567,0.5923932194709778,0.28933656215667725,0.9928486347198486,0.21813128888607025,0.19920110702514648,0.7616201639175415
69,2.814571440219879,1.0313823223114014,1.7831737995147705,0.6071428656578064,0.290056437253952,0.9933823943138123,0.22368650138378143,0.20365826785564423,0.7001679539680481,2.814491438426753,1.0183476209640503,1.7938188314437866,0.5936089158058167,0.3049670159816742,0.9943374991416931,0.21795763075351715,0.20128516852855682,0.7307692170143127
70,2.810081720352173,1.0292989015579224,1.7807676792144775,0.6148502230644226,0.3209618031978607,0.9937819242477417,0.2237950563430786,0.20209509134292603,0.664892852306366,2.817640970878694,1.0316439867019653,1.789578914642334,0.618270218372345,0.30670371651649475,0.9960519075393677,0.21813128888607025,0.20128516852855682,0.551117479801178
71,2.803954601287842,1.021846055984497,1.7820932865142822,0.6152843832969666,0.31947460770606995,0.9939880967140198,0.2239036113023758,0.203343465924263,0.6333513855934143,2.808829683278658,1.0016107559204102,1.811214804649353,0.5908301472663879,0.33466482162475586,0.9948374032974243,0.21847863495349884,0.19937478005886078,0.7777777910232544
72,2.7894070744514465,0.9985492825508118,1.7908427715301514,0.609531044960022,0.3128962218761444,0.9938967823982239,0.22397959232330322,0.2031589299440384,0.7011727094650269,2.7909950906926455,0.9906061291694641,1.803279995918274,0.5920458436012268,0.3327544331550598,0.9948078989982605,0.21847863495349884,0.20093782246112823,0.736473560333252
73,2.7792202830314636,0.9976235628128052,1.7815816402435303,0.609292209148407,0.3089231550693512,0.9935758709907532,0.22409899532794952,0.20219279825687408,0.6906448006629944,2.7920333197978935,1.018870234489441,1.7760578393936157,0.6516151428222656,0.3094824552536011,0.9938650131225586,0.21795763075351715,0.20076414942741394,0.5473484992980957
74,2.770646631717682,0.9905279874801636,1.7801036834716797,0.6237407922744751,0.3030286729335785,0.9926392436027527,0.22412070631980896,0.20182371139526367,0.645824670791626,2.768562566741302,0.9837889671325684,1.7784161567687988,0.5960403084754944,0.30653005838394165,0.9954878687858582,0.21847863495349884,0.20128516852855682,0.6002071499824524
75,2.756795287132263,0.9748865365982056,1.7818937301635742,0.6173469424247742,0.30335432291030884,0.9937059879302979,0.22418583929538727,0.2022579312324524,0.6467648148536682,2.7598223274637737,0.9696192145347595,1.7913545370101929,0.6010767817497253,0.32129210233688354,0.9940891861915588,0.21847863495349884,0.1988537758588791,0.7522996068000793
76,2.7466599345207214,0.9613205790519714,1.7853243350982666,0.6182913780212402,0.3019431233406067,0.9937122464179993,0.224272683262825,0.2029852420091629,0.6605086326599121,2.751992285023882,0.968510091304779,1.7824889421463013,0.6087182760238647,0.2759638726711273,0.9918851256370544,0.21917332708835602,0.1919069141149521,0.7594501972198486
77,2.737149715423584,0.9553923010826111,1.7817423343658447,0.617336094379425,0.2959834933280945,0.9927905797958374,0.22446808218955994,0.2021493762731552,0.6773360371589661,2.7426533348736726,0.9534692764282227,1.7865056991577148,0.6196596026420593,0.3094824552536011,0.9927576780319214,0.21917332708835602,0.19694338738918304,0.7641509175300598
78,2.728155553340912,0.9438642263412476,1.7842762470245361,0.6287451386451721,0.29326963424682617,0.9919588565826416,0.22459834814071655,0.2028658241033554,0.6685268878936768,2.7330405770096773,0.9498393535614014,1.7803955078125,0.6569989323616028,0.269885390996933,0.992337167263031,0.2193470001220703,0.19572767615318298,0.7563758492469788
79,2.7197035551071167,0.9371980428695679,1.7824904918670654,0.6573816537857056,0.2822839915752411,0.9917998313903809,0.22464177012443542,0.20206253230571747,0.6721796989440918,2.723671004936984,0.9280431866645813,1.7885135412216187,0.6827023029327393,0.27214309573173523,0.9924002289772034,0.21917332708835602,0.19676971435546875,0.7272143959999084
80,2.71123868227005,0.928037166595459,1.783186435699463,0.686973512172699,0.2692900598049164,0.9913679361343384,0.22471776604652405,0.2014220654964447,0.6737228035926819,2.715294596551814,0.9177355766296387,1.7857646942138672,0.6893018484115601,0.28534212708473206,0.9933494329452515,0.21899965405464172,0.19781173765659332,0.6363128423690796
81,2.703152894973755,0.9205161333084106,1.7826216220855713,0.6899804472923279,0.2721341848373413,0.9913789629936218,0.2248154580593109,0.20170429348945618,0.6709880232810974,2.707920297312629,0.9139409065246582,1.7943085432052612,0.7014588117599487,0.27422717213630676,0.994332492351532,0.21899965405464172,0.19937478005886078,0.6010470986366272
82,2.695535659790039,0.9120538830757141,1.7834668159484863,0.6818823218345642,0.281686931848526,0.9915173053741455,0.22488059103488922,0.20029309391975403,0.6532483696937561,2.700649453766357,0.9125062823295593,1.7888774871826172,0.6745397448539734,0.3025355935096741,0.9954285621643066,0.21899965405464172,0.19937478005886078,0.6148902177810669
83,2.6880560517311096,0.9045689702033997,1.7834721803665161,0.6614524722099304,0.2937798500061035,0.9919000267982483,0.22494572401046753,0.1993812471628189,0.6549584269523621,2.6918533593675003,0.9067882895469666,1.7878090143203735,0.652657151222229,0.32476553320884705,0.9946808218955994,0.2195206731557846,0.19607502222061157,0.6797110438346863
84,2.680446147918701,0.8984067440032959,1.7820243835449219,0.6634281277656555,0.3066326677799225,0.9920974969863892,0.2250434160232544,0.1976335197687149,0.6671308279037476,2.685376602976469,0.8923916816711426,1.797959327697754,0.6601250171661377,0.3619312345981598,0.9952244758605957,0.2196943312883377,0.19329628348350525,0.7044304013252258
85,2.6742109656333923,0.8898553848266602,1.7843406200408936,0.6843790411949158,0.3158814609050751,0.9922932386398315,0.22518454492092133,0.19464828073978424,0.6593976616859436,2.6772318736013747,0.8872765898704529,1.7869319915771484,0.7038902640342712,0.34942689538002014,0.9955467581748962,0.2196943312883377,0.1912122219800949,0.6742192506790161
86,2.6663002371788025,0.8824359178543091,1.7838492393493652,0.7170864343643188,0.34694963693618774,0.9928860068321228,0.2252279669046402,0.19356274604797363,0.6790692210197449,2.6707356815828387,0.8824102878570557,1.791172981262207,0.752691924571991,0.27544286847114563,0.9943573474884033,0.2196943312883377,0.18287600576877594,0.6118535995483398
87,2.660076320171356,0.8764021396636963,1.7836591005325317,0.761734664440155,0.32734477519989014,0.9925938248634338,0.22539079189300537,0.19004559516906738,0.6573423743247986,2.663339021513138,0.8740586638450623,1.7927480936050415,0.7716220617294312,0.34612712264060974,0.9955044984817505,0.2196943312883377,0.18009725213050842,0.6433002352714539
88,2.6528104543685913,0.8700487017631531,1.78274667263031,0.7582175135612488,0.35892313718795776,0.9932111501693726,0.22581414878368378,0.18569257855415344,0.6649821400642395,2.6573562269287003,0.8588476777076721,1.7966610193252563,0.7370615005493164,0.36332058906555176,0.9957163333892822,0.2196943312883377,0.18704411387443542,0.6799242496490479
89,2.646657347679138,0.8626000881195068,1.784042239189148,0.7185953259468079,0.3574468195438385,0.9934230446815491,0.2259444147348404,0.18300043046474457,0.6736463308334351,2.649990876129246,0.8602492213249207,1.790913462638855,0.7139632105827332,0.36332058906555176,0.9957163333892822,0.2200416773557663,0.18235498666763306,0.6782945990562439
90,2.639612853527069,0.856643795967102,1.7829540967941284,0.7046569585800171,0.3687581419944763,0.9936816096305847,0.22623752057552338,0.18040598928928375,0.6828977465629578,2.64366495555455,0.8472874760627747,1.7938705682754517,0.7139632105827332,0.36332058906555176,0.9957163333892822,0.22056269645690918,0.1771448403596878,0.6995884776115417
91,2.6343190670013428,0.8508417010307312,1.7834622859954834,0.7048089504241943,0.359237939119339,0.9933661818504333,0.22644376754760742,0.17402301728725433,0.6741379499435425,2.6380648908618425,0.8407722115516663,1.8067888021469116,0.7139632105827332,0.36332058906555176,0.9957163333892822,0.22108371555805206,0.1736714094877243,0.7501875758171082
92,2.627432644367218,0.8416553735733032,1.7857621908187866,0.7048740983009338,0.36956143379211426,0.9936662912368774,0.2266066074371338,0.17035388946533203,0.7193014621734619,2.63080339267793,0.8393598198890686,1.781354546546936,0.7141368389129639,0.36332058906555176,0.9957163333892822,0.22073636949062347,0.1592566817998886,0.6508162021636963
93,2.6215267181396484,0.8361110687255859,1.785400629043579,0.7049066424369812,0.3697568476200104,0.9936406016349792,0.22663916647434235,0.16583803296089172,0.7074322700500488,2.625245291559843,0.8417583107948303,1.7935384511947632,0.7141368389129639,0.3622785806655884,0.994754433631897,0.22299408912658691,0.15439388155937195,0.6694276928901672
94,2.6152955889701843,0.8327276110649109,1.78255295753479,0.7049174904823303,0.36970254778862,0.9934947490692139,0.22746418416500092,0.16062743961811066,0.7247746586799622,2.6182938750811275,0.8310549855232239,1.7917405366897583,0.7141368389129639,0.36332058906555176,0.9952426552772522,0.22264675796031952,0.15821465849876404,0.7406504154205322
95,2.609790802001953,0.8279645442962646,1.7818111181259155,0.7049391865730286,0.36932262778282166,0.9934591054916382,0.22792010009288788,0.15881459414958954,0.721827507019043,2.615629829520689,0.8212106227874756,1.7944812774658203,0.7141368389129639,0.36332058906555176,0.9952426552772522,0.22403612732887268,0.16081972420215607,0.8201948404312134
96,2.604958713054657,0.8188186883926392,1.7861250638961792,0.7049391865730286,0.36854103207588196,0.9932418465614319,0.22856056690216064,0.158543199300766,0.754156768321991,2.60680832735322,0.8266065716743469,1.7913808822631836,0.7141368389129639,0.36332058906555176,0.9942965507507324,0.22490447759628296,0.1521361619234085,0.7564767003059387
97,2.599551498889923,0.8147035837173462,1.7848328351974487,0.7049391865730286,0.43015632033348083,0.8874803781509399,0.22903820872306824,0.15622015297412872,0.7699839472770691,2.6026843846279037,0.8210964202880859,1.7867540121078491,0.7141368389129639,0.44928795099258423,0.8719245195388794,0.2235151082277298,0.1530045121908188,0.6261549592018127
98,2.5931971073150635,0.8131930232048035,1.7799890041351318,0.7049391865730286,0.4536582827568054,0.8577791452407837,0.22878853976726532,0.15543855726718903,0.7310460805892944,2.598665888253994,0.7954301834106445,1.8003926277160645,0.7141368389129639,0.44946160912513733,0.8710871934890747,0.22542549669742584,0.15144146978855133,0.8650793433189392
99,2.588303506374359,0.7999659180641174,1.7883225679397583,0.7049500942230225,0.45440730452537537,0.8398033976554871,0.2295592725276947,0.15454842150211334,0.7850998044013977,2.5934618895730446,0.8122479915618896,1.7781658172607422,0.7141368389129639,0.46335533261299133,0.8181539177894592,0.22455713152885437,0.15126779675483704,0.7041229009628296
100,2.583468496799469,0.7991295456886292,1.7843239307403564,0.7049500942230225,0.4862896203994751,0.8191226720809937,0.22941814363002777,0.1538645178079605,0.7635207772254944,2.588036986513658,0.7930729985237122,1.7855397462844849,0.7141368389129639,0.46995484828948975,0.8227424621582031,0.22577284276485443,0.15074679255485535,0.9022868871688843
101,2.5777329802513123,0.7924531102180481,1.7852647304534912,0.7049500942230225,0.5250542759895325,0.8160207867622375,0.2297438085079193,0.15370169281959534,0.8313663601875305,2.5802905597633767,0.80057692527771,1.7828441858291626,0.7141368389129639,0.5456755757331848,0.8144116401672363,0.22577284276485443,0.15039944648742676,0.7759856581687927
102,2.5721077919006348,0.790736198425293,1.7813565731048584,0.7049500942230225,0.5468844771385193,0.8002637028694153,0.22992835938930511,0.1536148488521576,0.8301167488098145,2.574247844437006,0.7804985046386719,1.7878729104995728,0.7141368389129639,0.5470649600028992,0.8158507943153381,0.2228204309940338,0.15022577345371246,0.8808553814888
103,2.566286027431488,0.783458948135376,1.7828119993209839,0.7049500942230225,0.5499131679534912,0.7934529185295105,0.22784411907196045,0.15343031287193298,0.8554136753082275,2.5682725248008853,0.7806887626647949,1.7815017700195312,0.7141368389129639,0.5486279726028442,0.795918345451355,0.22646751999855042,0.15039944648742676,0.8383349180221558
104,2.560790002346039,0.7767759561538696,1.783998966217041,0.7049500942230225,0.5506730079650879,0.785068690776825,0.2285931408405304,0.15334346890449524,0.8708464503288269,2.5637221973196587,0.7780246734619141,1.7843929529190063,0.7141368389129639,0.5486279726028442,0.7850397825241089,0.22612017393112183,0.15039944648742676,0.8231939077377319
105,2.555439531803131,0.7761678695678711,1.7792564630508423,0.7049500942230225,0.55070561170578,0.778847336769104,0.22826747596263885,0.15330004692077637,0.8573856949806213,2.559032365985114,0.766353189945221,1.794575572013855,0.7141368389129639,0.5486279726028442,0.7867994904518127,0.2228204309940338,0.15022577345371246,0.9908362030982971
106,2.5503236055374146,0.7682532072067261,1.782055377960205,0.7049500942230225,0.5507164597511292,0.775884747505188,0.22634607553482056,0.15327833592891693,0.9175981283187866,2.55289327580716,0.7666103839874268,1.7876843214035034,0.7141368389129639,0.5486279726028442,0.778654158115387,0.22490447759628296,0.15022577345371246,0.8871794939041138
107,2.545481562614441,0.7640475630760193,1.781419038772583,0.7049500942230225,0.5507164597511292,0.7710850834846497,0.226074680685997,0.15327833592891693,0.9234189987182617,2.548956944984709,0.7750802636146545,1.7813783884048462,0.7141368389129639,0.5486279726028442,0.7790382504463196,0.21865230798721313,0.15022577345371246,0.8853633403778076
108,2.541222631931305,0.7609544396400452,1.7802531719207764,0.7049500942230225,0.5507164597511292,0.7694361209869385,0.2234911024570465,0.15327833592891693,0.9335536956787109,2.54358881196449,0.7593936324119568,1.7873573303222656,0.7141368389129639,0.5486279726028442,0.7790382504463196,0.21222646534442902,0.15022577345371246,0.9474260807037354
109,2.5358359813690186,0.7567005157470703,1.7791204452514648,0.7049500942230225,0.5507816076278687,0.7685945630073547,0.22130915522575378,0.15327833592891693,0.9711141586303711,2.5386743403922023,0.7562153935432434,1.7844125032424927,0.7141368389129639,0.5491490364074707,0.7729161381721497,0.22403612732887268,0.15022577345371246,0.9621801972389221
110,2.5311333537101746,0.7531722784042358,1.7779459953308105,0.7049500942230225,0.5509878396987915,0.766594648361206,0.22145028412342072,0.15327833592891693,0.9809643030166626,2.535047744454175,0.7466909885406494,1.7891621589660645,0.7141368389129639,0.5489753484725952,0.774375319480896,0.2130948305130005,0.15022577345371246,0.9988452792167664
111,2.5276508927345276,0.7481564283370972,1.7794793844223022,0.7049500942230225,0.5512483716011047,0.7663205862045288,0.21874728798866272,0.15326747298240662,0.978786826133728,2.5294441889457797,0.74757981300354,1.7824593782424927,0.7141368389129639,0.5508857369422913,0.7729044556617737,0.21569989621639252,0.15022577345371246,0.9874429106712341
112,2.5223137736320496,0.7436990141868591,1.778599739074707,0.7049500942230225,0.552778959274292,0.7656062245368958,0.21907295286655426,0.15327833592891693,0.9903906583786011,2.5255083932608273,0.7425320744514465,1.7824293375015259,0.7141368389129639,0.5500173568725586,0.7747064828872681,0.20805835723876953,0.15022577345371246,0.9988452792167664
113,2.517924964427948,0.7412838935852051,1.7766259908676147,0.7049500942230225,0.5533543229103088,0.7658273577690125,0.21585974097251892,0.1532566249370575,0.9983735084533691,2.5206829862240165,0.7361311912536621,1.7819215059280396,0.7141368389129639,0.553317129611969,0.7725509405136108,0.2124001383781433,0.15022577345371246,0.9953970313072205
114,2.5141077637672424,0.7373777031898499,1.7767150402069092,0.7049500942230225,0.5557750463485718,0.7655889987945557,0.21599000692367554,0.15324576199054718,0.9978793859481812,2.51733724430809,0.7237711548805237,1.791526198387146,0.7141368389129639,0.553317129611969,0.7733009457588196,0.21031607687473297,0.15022577345371246,0.9988452792167664
115,2.5094674229621887,0.7319194674491882,1.7775328159332275,0.7049500942230225,0.5571428537368774,0.765789806842804,0.21471993625164032,0.15324576199054718,0.9992213845252991,2.5116363698801014,0.7321121096611023,1.784016489982605,0.7141368389129639,0.5630427002906799,0.7743014097213745,0.21031607687473297,0.15022577345371246,0.9976931810379028
116,2.504663646221161,0.7292631268501282,1.7753856182098389,0.7049500942230225,0.5665436387062073,0.7674774527549744,0.21462222933769226,0.15323491394519806,0.9990091919898987,2.507711491761998,0.7235162854194641,1.780625343322754,0.7141368389129639,0.5748524069786072,0.7706635594367981,0.20840570330619812,0.15022577345371246,1.0
117,2.5017929077148438,0.7256085872650146,1.7761694192886353,0.7049500942230225,0.5867998003959656,0.7699187994003296,0.2136235386133194,0.15323491394519806,0.9998583197593689,2.505394747042747,0.7306745052337646,1.7741575241088867,0.7141368389129639,0.6333796381950378,0.7774461507797241,0.209621399641037,0.15022577345371246,1.0
118,2.4985811710357666,0.7244135141372681,1.7741526365280151,0.7049500942230225,0.6349218487739563,0.7772314548492432,0.2129613608121872,0.15323491394519806,0.9993628263473511,2.505396149149368,0.7152113318443298,1.7835253477096558,0.7141368389129639,0.5639110803604126,0.7727272510528564,0.21101076900959015,0.15022577345371246,1.0
119,2.4958359003067017,0.718213677406311,1.7776073217391968,0.7049500942230225,0.6164568066596985,0.7699545621871948,0.21312418580055237,0.15323491394519806,0.9994335770606995,2.497008121854193,0.722431480884552,1.770335078239441,0.7141368389129639,0.6408475041389465,0.7743966579437256,0.21014240384101868,0.15022577345371246,1.0
120,2.4904245138168335,0.7168306708335876,1.7735786437988281,0.7049500942230225,0.6381567716598511,0.7683570981025696,0.2128419429063797,0.15323491394519806,0.9998583197593689,2.493110920994511,0.7127540707588196,1.7836118936538696,0.7141368389129639,0.6425842046737671,0.7740585803985596,0.21066342294216156,0.15022577345371246,1.0
121,2.486074209213257,0.7126234173774719,1.7734357118606567,0.7049500942230225,0.6387103796005249,0.7654719352722168,0.21267911791801453,0.15323491394519806,0.9997875094413757,2.4890895235161685,0.7113170623779297,1.7787472009658813,0.7141368389129639,0.6415421962738037,0.7773569226264954,0.2051059454679489,0.15022577345371246,1.0
122,2.482412040233612,0.7096863985061646,1.7727105617523193,0.7049500942230225,0.6387646794319153,0.7649299502372742,0.21117021143436432,0.15323491394519806,0.9999291896820068,2.4850459459880527,0.7051323056221008,1.7777985334396362,0.7141368389129639,0.6427578926086426,0.7742677927017212,0.20857936143875122,0.15022577345371246,1.0
123,2.478819727897644,0.7077751755714417,1.7710294723510742,0.7049500942230225,0.6389492154121399,0.7630282640457153,0.21210378408432007,0.15323491394519806,0.9999291896820068,2.4825385764639756,0.699634850025177,1.7840009927749634,0.7141368389129639,0.6427578926086426,0.7755658030509949,0.20753733813762665,0.15022577345371246,1.0
124,2.47538423538208,0.7022847533226013,1.7730845212936401,0.7049500942230225,0.6392531394958496,0.7634110450744629,0.21119192242622375,0.15322405099868774,0.9998583197593689,2.477866612693095,0.706402063369751,1.7754613161087036,0.7141368389129639,0.6427578926086426,0.773297131061554,0.20493227243423462,0.15022577345371246,1.0
125,2.471962332725525,0.7018983960151672,1.770048975944519,0.7049500942230225,0.6394811272621155,0.7622603178024292,0.2109748125076294,0.15321320295333862,0.9999291300773621,2.4748149061418316,0.6978446841239929,1.7802151441574097,0.7141368389129639,0.6432788968086243,0.7705429792404175,0.20875303447246552,0.15022577345371246,1.0
126,2.4685673117637634,0.6983424425125122,1.770209789276123,0.7049500942230225,0.6400021910667419,0.761118471622467,0.2113438993692398,0.15322405099868774,1.0,2.4707300756573054,0.6993294358253479,1.771332859992981,0.7141368389129639,0.6427578926086426,0.7700790762901306,0.20753733813762665,0.15022577345371246,1.0
127,2.4654921293258667,0.6950176954269409,1.770459532737732,0.7049500942230225,0.6397308111190796,0.7606288194656372,0.21099652349948883,0.1531914919614792,0.9999291300773621,2.4680457854693283,0.7016640305519104,1.7636183500289917,0.7141368389129639,0.6436262726783752,0.7652281522750854,0.21795763075351715,0.15022577345371246,1.0
128,2.4621161222457886,0.6931943297386169,1.768906831741333,0.7049500942230225,0.640338659286499,0.758424699306488,0.2142857164144516,0.153082937002182,0.9999290704727173,2.4642812660809565,0.6890144944190979,1.7784231901168823,0.7141368389129639,0.6441472768783569,0.7655314803123474,0.2094477266073227,0.15022577345371246,1.0
129,2.45880663394928,0.6912558674812317,1.767535924911499,0.7049500942230225,0.6405014991760254,0.7576823830604553,0.21671733260154724,0.15318062901496887,0.9999291300773621,2.4641323327272873,0.67999267578125,1.777437686920166,0.7141368389129639,0.6427578926086426,0.773297131061554,0.20371656119823456,0.14970475435256958,1.0
130,2.4575740694999695,0.6886778473854065,1.7688812017440796,0.7049500942230225,0.6402084231376648,0.7593737244606018,0.22352366149425507,0.15220364928245544,0.9999287128448486,2.457391798185698,0.6840001940727234,1.7743169069290161,0.7141368389129639,0.6448419690132141,0.7692148089408875,0.21170544624328613,0.15022577345371246,1.0
131,2.453540563583374,0.6853474378585815,1.768178105354309,0.7049500942230225,0.6408271789550781,0.7576103806495667,0.22731220722198486,0.15263786911964417,0.999928891658783,2.458143028379853,0.6858391165733337,1.7665801048278809,0.7141368389129639,0.6462313532829285,0.7651655077934265,0.266238272190094,0.15022577345371246,1.0
132,2.451378881931305,0.6847973465919495,1.766566514968872,0.7049500942230225,0.6411528587341309,0.7564517855644226,0.24648284912109375,0.1523013412952423,0.9999287128448486,2.4520830267541482,0.6814668774604797,1.7725366353988647,0.7141368389129639,0.6439735889434814,0.7692946195602417,0.22299408912658691,0.1491837501525879,1.0
133,2.44720458984375,0.6817080974578857,1.7654814720153809,0.7049500942230225,0.64116370677948,0.7569590210914612,0.24501736462116241,0.1520625203847885,0.9999285936355591,2.44963092752611,0.6804329752922058,1.7767516374588013,0.7141368389129639,0.6439735889434814,0.7688161134719849,0.2304619699716568,0.1488364040851593,1.0
134,2.44464772939682,0.6770999431610107,1.7675328254699707,0.7049500942230225,0.6414459347724915,0.7567976117134094,0.25159573554992676,0.15113981068134308,1.0,2.446386334216193,0.6793405413627625,1.7729564905166626,0.7141368389129639,0.6464049816131592,0.7653711438179016,0.248350128531456,0.15022577345371246,1.0
135,2.440567374229431,0.6757344603538513,1.7648179531097412,0.7049500942230225,0.6416739225387573,0.7553638815879822,0.2622774541378021,0.15239904820919037,1.0,2.4423745206844147,0.6727743148803711,1.7658923864364624,0.7141368389129639,0.645710289478302,0.7661240696907043,0.266238272190094,0.14953108131885529,1.0
136,2.437936544418335,0.6731953620910645,1.7647260427474976,0.7049500942230225,0.641869306564331,0.7558160424232483,0.2650781571865082,0.15155231952667236,1.0,2.4401840183129533,0.6705582737922668,1.7699161767959595,0.7141368389129639,0.646057665348053,0.7657472491264343,0.26797500252723694,0.14675234258174896,1.0
137,2.434975802898407,0.6718642711639404,1.763096570968628,0.7049500942230225,0.642086386680603,0.7553764581680298,0.2706252634525299,0.1501302719116211,1.0,2.4369261025471505,0.6693759560585022,1.7629389762878418,0.7141368389129639,0.6464049816131592,0.7658436298370361,0.26762765645980835,0.1484890580177307,1.0
138,2.4324331283569336,0.669666588306427,1.762751579284668,0.7049500942230225,0.642455518245697,0.7555501461029053,0.27107033133506775,0.14954407513141632,1.0,2.4340709143523003,0.6628855466842651,1.7743791341781616,0.7141368389129639,0.6464049816131592,0.7658436298370361,0.26797500252723694,0.1451893001794815,1.0
139,2.429369032382965,0.6669860482215881,1.762367844581604,0.7049500942230225,0.6424989104270935,0.7555047869682312,0.271330863237381,0.14764437079429626,1.0,2.431481152948881,0.6672133803367615,1.762857437133789,0.7141368389129639,0.647620677947998,0.765865683555603,0.26849600672721863,0.1451893001794815,1.0
140,2.427327334880829,0.6656566858291626,1.761655569076538,0.7049500942230225,0.6428137421607971,0.7555181384086609,0.2713525891304016,0.14515848457813263,1.0,2.428892383976254,0.6658596992492676,1.7603965997695923,0.7141368389129639,0.647620677947998,0.765865683555603,0.26797500252723694,0.14084751904010773,1.0
141,2.424228012561798,0.6640070676803589,1.760205864906311,0.7049500942230225,0.6431176662445068,0.7554320096969604,0.27126574516296387,0.14191272854804993,1.0,2.4260892617118652,0.6573702692985535,1.769194483757019,0.7141368389129639,0.647620677947998,0.765865683555603,0.26797500252723694,0.1380687803030014,1.0
142,2.421970784664154,0.6623138189315796,1.7596418857574463,0.7049500942230225,0.6430851221084595,0.7554323077201843,0.27132001519203186,0.1384064257144928,1.0,2.425213178192091,0.657900869846344,1.768734097480774,0.7141368389129639,0.6474470496177673,0.7666049599647522,0.2688433527946472,0.13372698426246643,1.0
143,2.4199501276016235,0.6597274541854858,1.7602077722549438,0.7049500942230225,0.6437364220619202,0.7556770443916321,0.2713417410850525,0.1330004334449768,1.0,2.421042453418717,0.6563083529472351,1.7597838640213013,0.7141368389129639,0.6474470496177673,0.7659749388694763,0.26780131459236145,0.12643279135227203,1.0
144,2.4171387553215027,0.6579228043556213,1.7592008113861084,0.7049500942230225,0.643725574016571,0.7556257843971252,0.271276593208313,0.12924446165561676,1.0,2.419114894194502,0.6534372568130493,1.76205575466156,0.7141368389129639,0.6477943658828735,0.7659137845039368,0.26797500252723694,0.12348037213087082,1.0
145,2.4149011969566345,0.656335711479187,1.7585505247116089,0.7049500942230225,0.644311785697937,0.7558130621910095,0.2711571753025055,0.12348024547100067,1.0,2.416585639020808,0.6571070551872253,1.762731671333313,0.7141368389129639,0.647968053817749,0.7658045887947083,0.26797500252723694,0.12209100276231766,1.0
146,2.413131058216095,0.6544148325920105,1.758701205253601,0.7049500942230225,0.6441380977630615,0.7558595538139343,0.271222323179245,0.11918149888515472,1.0,2.414225654992928,0.64942866563797,1.7581859827041626,0.7141368389129639,0.6483153700828552,0.7660578489303589,0.26797500252723694,0.116880863904953,1.0
147,2.4108031392097473,0.6528345346450806,1.7579536437988281,0.7049500942230225,0.6448436975479126,0.7560519576072693,0.27098348736763,0.11114849895238876,1.0,2.4133970949458514,0.6468833684921265,1.759987473487854,0.7141368389129639,0.6490100622177124,0.7660926580429077,0.2695380449295044,0.11462312936782837,1.0
148,2.408561885356903,0.6507593989372253,1.7577873468399048,0.7049500942230225,0.645006537437439,0.7560504078865051,0.2714177072048187,0.10878202319145203,1.0,2.4103864158512445,0.649543285369873,1.7514570951461792,0.7141368389129639,0.647620677947998,0.7660229802131653,0.26797500252723694,0.10333449393510818,1.0
149,2.4066162109375,0.649060845375061,1.7575403451919556,0.7049500942230225,0.6443226337432861,0.7560279965400696,0.2711137533187866,0.09661311656236649,1.0,2.4081727739587846,0.647695004940033,1.7655373811721802,0.7141368389129639,0.6493574380874634,0.7661885023117065,0.2695380449295044,0.11114970594644547,1.0
150,2.4041228890419006,0.6477636694908142,1.756344199180603,0.7049500942230225,0.6451259255409241,0.7561999559402466,0.27160224318504333,0.10122665762901306,1.0,2.406136840778575,0.647710382938385,1.7600879669189453,0.7141368389129639,0.6467523574829102,0.7665706276893616,0.26762765645980835,0.08718305081129074,1.0
151,2.402628540992737,0.6463828086853027,1.7562305927276611,0.7049500942230225,0.6443443298339844,0.7566702961921692,0.2711137533187866,0.08950281888246536,1.0,2.4033306292586545,0.6369601488113403,1.7674002647399902,0.7141368389129639,0.6497047543525696,0.766441285610199,0.26849600672721863,0.08770406246185303,1.0
152,2.4011510610580444,0.6451295614242554,1.7560065984725952,0.7049500942230225,0.6452996134757996,0.7563073039054871,0.2710486352443695,0.08552974462509155,1.0,2.40316549437292,0.6430954337120056,1.758912444114685,0.7141368389129639,0.6528308391571045,0.7676128149032593,0.26762765645980835,0.08735672384500504,1.0
153,2.4014511704444885,0.6460399031639099,1.7553962469100952,0.7049500942230225,0.6455926895141602,0.7567760348320007,0.2710269093513489,0.08443334698677063,1.0,2.4077944186629003,0.6351587772369385,1.7757436037063599,0.7141368389129639,0.6477943658828735,0.7740194797515869,0.26762765645980835,0.08614102005958557,1.0
154,2.404116690158844,0.6396006941795349,1.7645010948181152,0.7049500942230225,0.6492292881011963,0.7652944922447205,0.27118974924087524,0.0838145911693573,1.0,2.4032092313047664,0.6494496464729309,1.7609000205993652,0.7141368389129639,0.6497047543525696,0.7658137083053589,0.26849600672721863,0.08614102005958557,1.0
155,2.398667633533478,0.6424401998519897,1.7562124729156494,0.7049500942230225,0.646406888961792,0.757075309753418,0.27112463116645813,0.08382544666528702,1.0,2.396782805166877,0.6348431706428528,1.7635246515274048,0.7141368389129639,0.6498784422874451,0.7668032646179199,0.26849600672721863,0.08614102005958557,1.0
156,2.3941216468811035,0.6346668004989624,1.7594399452209473,0.7049500942230225,0.6495549082756042,0.7586019039154053,0.2715371251106262,0.08386886864900589,1.0,2.395002578355737,0.6332151889801025,1.765722632408142,0.7141368389129639,0.6893018484115601,0.7773208022117615,0.26849600672721863,0.08614102005958557,1.0
157,2.3918893933296204,0.6370815634727478,1.7547929286956787,0.7049500942230225,0.6539621949195862,0.759158194065094,0.27203646302223206,0.08380373567342758,1.0,2.3919604775308527,0.6221926808357239,1.762637734413147,0.7141368389129639,0.6516151428222656,0.7685374617576599,0.26762765645980835,0.08614102005958557,1.0
158,2.3892632126808167,0.6321040391921997,1.7571442127227783,0.7049500942230225,0.6552974581718445,0.7598751187324524,0.2707338333129883,0.08384715765714645,1.0,2.3892518511742673,0.6338492035865784,1.7547435760498047,0.7141368389129639,0.6498784422874451,0.7677472233772278,0.26762765645980835,0.08614102005958557,1.0
159,2.386856198310852,0.6310808062553406,1.7557604312896729,0.7049500942230225,0.6588471531867981,0.7606973648071289,0.2710920572280884,0.08384715765714645,0.9998705387115479,2.3869714437983607,0.633620023727417,1.755114197731018,0.7141368389129639,0.6495310664176941,0.7674943804740906,0.26814866065979004,0.08614102005958557,1.0
160,2.3839805722236633,0.6295778751373291,1.7543877363204956,0.7049500942230225,0.6571428775787354,0.7607032060623169,0.2710269093513489,0.08383630216121674,1.0,2.384255286594694,0.6307266354560852,1.763173222541809,0.7141368389129639,0.6559569239616394,0.7690898180007935,0.26780131459236145,0.08614102005958557,1.0
161,2.3814391493797302,0.6286932229995728,1.7527309656143188,0.7049500942230225,0.6472861766815186,0.7576427459716797,0.27098348736763,0.0838145911693573,1.0,2.3820802044147995,0.618428111076355,1.7597097158432007,0.7141368389129639,0.707884669303894,0.7824918627738953,0.26797500252723694,0.08614102005958557,1.0
162,2.379116714000702,0.6247906684875488,1.7543110847473145,0.7049500942230225,0.675814151763916,0.7658412456512451,0.27084237337112427,0.08389057964086533,1.0,2.379405577839477,0.6243809461593628,1.7543530464172363,0.7141368389129639,0.6533518433570862,0.7694824934005737,0.26745396852493286,0.08614102005958557,1.0
163,2.376887798309326,0.6238059401512146,1.7530667781829834,0.7049500942230225,0.6709509491920471,0.7653009295463562,0.2706686854362488,0.08387972414493561,1.0,2.3774668242874224,0.6250650882720947,1.75739586353302,0.7141368389129639,0.6637721657752991,0.7716535329818726,0.26780131459236145,0.08614102005958557,1.0
164,2.374822199344635,0.6224015355110168,1.7524056434631348,0.7049500942230225,0.6751628518104553,0.7665364146232605,0.2706904113292694,0.08389057964086533,1.0,2.375074723065831,0.6142479777336121,1.7579408884048462,0.7141368389129639,0.6814866065979004,0.7773375511169434,0.26762765645980835,0.08614102005958557,1.0
165,2.3728216886520386,0.6212889552116394,1.751517653465271,0.7049500942230225,0.672774612903595,0.7667924761772156,0.2707446813583374,0.08389057964086533,1.0,2.3733585252659153,0.6147629618644714,1.7598613500595093,0.7141368389129639,0.678534209728241,0.7784419059753418,0.26745396852493286,0.08614102005958557,1.0
166,2.3708590269088745,0.6191083192825317,1.7517355680465698,0.7049500942230225,0.6802865862846375,0.7697069644927979,0.27065783739089966,0.08389057964086533,1.0,2.371251883793308,0.6171955466270447,1.7540034055709839,0.7141368389129639,0.713268518447876,0.7851271033287048,0.26762765645980835,0.08614102005958557,1.0
167,2.368937849998474,0.6176114678382874,1.7513113021850586,0.7049500942230225,0.6958098411560059,0.7737659811973572,0.27070125937461853,0.08389057964086533,1.0,2.36904066136497,0.614951491355896,1.7584037780761719,0.7141368389129639,0.7104897499084473,0.7871848940849304,0.26728031039237976,0.08614102005958557,1.0
168,2.3669217824935913,0.6168103218078613,1.750096321105957,0.7049500942230225,0.6934107542037964,0.7739946246147156,0.2706252634525299,0.08389057964086533,1.0,2.3671709192672843,0.6101589798927307,1.76217782497406,0.7141368389129639,0.7130948305130005,0.786891520023346,0.26762765645980835,0.08614102005958557,1.0
169,2.364930748939514,0.6146726012229919,1.7502431869506836,0.7049500942230225,0.7013134956359863,0.7768478989601135,0.27058184146881104,0.08389057964086533,1.0,2.364992022224498,0.6172519326210022,1.748761773109436,0.7141368389129639,0.712921142578125,0.789574921131134,0.26728031039237976,0.08614102005958557,1.0
170,2.3629276752471924,0.6130032539367676,1.749909520149231,0.7049500942230225,0.7039296627044678,0.7782484889030457,0.27054929733276367,0.08389057964086533,1.0,2.3629799997197876,0.608826220035553,1.7556852102279663,0.7141368389129639,0.7124001383781433,0.7896053791046143,0.26728031039237976,0.08614102005958557,1.0
171,2.3609936237335205,0.6113624572753906,1.7496161460876465,0.7049500942230225,0.7040925025939941,0.780048131942749,0.27053841948509216,0.08389057964086533,1.0,2.3610184030344024,0.6149490475654602,1.7557587623596191,0.7141368389129639,0.7137895226478577,0.7903845906257629,0.26728031039237976,0.08614102005958557,1.0
172,2.3591732382774353,0.6103031635284424,1.7488551139831543,0.7049500942230225,0.7045484185218811,0.7803186178207397,0.2705601453781128,0.08389057964086533,1.0,2.3595882711745086,0.6025217175483704,1.7584391832351685,0.7141368389129639,0.7103160619735718,0.7977374792098999,0.26728031039237976,0.08614102005958557,1.0
173,2.357834279537201,0.6085453629493713,1.7492738962173462,0.7049500942230225,0.7034519910812378,0.7830584049224854,0.2705601453781128,0.08389057964086533,1.0,2.3570591114841846,0.6039159297943115,1.7526030540466309,0.7141368389129639,0.7141368389129639,0.7961277961730957,0.26728031039237976,0.08614102005958557,1.0
174,2.355358123779297,0.6063132286071777,1.7490298748016357,0.7049500942230225,0.7047221064567566,0.7858777046203613,0.2705167233943939,0.08389057964086533,1.0,2.355249149594799,0.6042235493659973,1.7570300102233887,0.7141368389129639,0.7141368389129639,0.792751133441925,0.26728031039237976,0.08614102005958557,1.0
175,2.3534699082374573,0.6052184700965881,1.7482364177703857,0.7049500942230225,0.7047872543334961,0.7874947190284729,0.27053841948509216,0.08389057964086533,1.0,2.353083441513369,0.595028817653656,1.7517212629318237,0.7141368389129639,0.7141368389129639,0.7950502634048462,0.26728031039237976,0.08614102005958557,1.0
176,2.351437270641327,0.60360187292099,1.7478203773498535,0.7049500942230225,0.7048523426055908,0.7879306077957153,0.2705167233943939,0.08389057964086533,1.0,2.3512538164264005,0.5950643420219421,1.7547402381896973,0.7141368389129639,0.7141368389129639,0.805169403553009,0.26728031039237976,0.08614102005958557,1.0
177,2.3505621552467346,0.6030565500259399,1.747490644454956,0.7049500942230225,0.7043312788009644,0.7886592745780945,0.2706795632839203,0.08387972414493561,1.0,2.350766870949822,0.5948300957679749,1.7578177452087402,0.7141368389129639,0.7141368389129639,0.8067490458488464,0.26728031039237976,0.08614102005958557,1.0
178,2.348771572113037,0.6002784967422485,1.7484780550003052,0.7049500942230225,0.7045484185218811,0.793493390083313,0.27053841948509216,0.08384715765714645,1.0,2.3476002497903257,0.5953210592269897,1.7482709884643555,0.7141368389129639,0.7141368389129639,0.8056426048278809,0.26728031039237976,0.08614102005958557,1.0
179,2.346319258213043,0.5988366603851318,1.7474676370620728,0.7049500942230225,0.704884946346283,0.7942608594894409,0.2705167233943939,0.08387972414493561,1.0,2.346118511115151,0.5896947979927063,1.7540392875671387,0.7141368389129639,0.7141368389129639,0.8102462887763977,0.26728031039237976,0.08614102005958557,1.0
180,2.345699191093445,0.5982674360275269,1.7474167346954346,0.7049500942230225,0.7048414945602417,0.7921867370605469,0.27143943309783936,0.08386886864900589,1.0,2.34520459456674,0.5942783355712891,1.7587004899978638,0.7141368389129639,0.713268518447876,0.8137507438659668,0.26728031039237976,0.08614102005958557,1.0
181,2.3434619307518005,0.5957918167114258,1.7476551532745361,0.7049500942230225,0.7045918107032776,0.797942042350769,0.2705167233943939,0.08386886864900589,1.0,2.343350892432989,0.5946779847145081,1.7481794357299805,0.7141368389129639,0.7141368389129639,0.8064326047897339,0.26728031039237976,0.08614102005958557,1.0
182,2.3430034518241882,0.5958329439163208,1.7471555471420288,0.7049500942230225,0.7048957943916321,0.7972375750541687,0.27052757143974304,0.08387972414493561,1.0,2.3408609054369327,0.5856972336769104,1.7562475204467773,0.7141368389129639,0.7141368389129639,0.8139351010322571,0.26728031039237976,0.08614102005958557,1.0
183,2.3406907320022583,0.5918653011322021,1.7488104104995728,0.7049500942230225,0.7049283385276794,0.7996010780334473,0.27058184146881104,0.08387972414493561,1.0,2.3407472987769586,0.5961733460426331,1.7555595636367798,0.7141368389129639,0.7000694870948792,0.8117197155952454,0.26728031039237976,0.08579368144273758,1.0
184,2.3392181992530823,0.5910506844520569,1.748152732849121,0.7049500942230225,0.7013460993766785,0.8014488816261292,0.2707881033420563,0.08374945819377899,1.0,2.3377848766296427,0.5821803212165833,1.7498043775558472,0.7141368389129639,0.7141368389129639,0.8032819032669067,0.26728031039237976,0.08614102005958557,1.0
185,2.3363506197929382,0.5893822312355042,1.7469536066055298,0.7049500942230225,0.7049283385276794,0.8015058040618896,0.27054929733276367,0.0838145911693573,1.0,2.3358361883352265,0.5793464779853821,1.7532930374145508,0.7141368389129639,0.7141368389129639,0.8076998591423035,0.26728031039237976,0.08614102005958557,1.0
186,2.3358139395713806,0.5873381495475769,1.7484610080718994,0.7049500942230225,0.7037776708602905,0.8011269569396973,0.2707989513874054,0.08373860269784927,1.0,2.332847728460934,0.5799410343170166,1.7545766830444336,0.7141368389129639,0.7141368389129639,0.8084939122200012,0.26728031039237976,0.08614102005958557,1.0
187,2.3336403369903564,0.5866142511367798,1.7470111846923828,0.7049500942230225,0.7048414945602417,0.7998472452163696,0.2713525891304016,0.08370603621006012,1.0,2.33054401088647,0.5848603844642639,1.7440237998962402,0.7141368389129639,0.7141368389129639,0.8158730268478394,0.26728031039237976,0.08596734702587128,1.0
188,2.3307759165763855,0.5850493907928467,1.7457115650177002,0.7049500942230225,0.7049066424369812,0.8027592897415161,0.27052757143974304,0.08370603621006012,1.0,2.3293417237127105,0.5885147452354431,1.7493748664855957,0.7141368389129639,0.7141368389129639,0.8166832327842712,0.26728031039237976,0.08562000840902328,1.0
189,2.3278560638427734,0.5816937685012817,1.746147632598877,0.7049500942230225,0.7049500942230225,0.8045193552970886,0.2705167233943939,0.08370603621006012,1.0,2.3260029332842334,0.5800211429595947,1.7477402687072754,0.7141368389129639,0.7141368389129639,0.8165210485458374,0.26728031039237976,0.08596734702587128,1.0
190,2.3255221843719482,0.5810638666152954,1.7444435358047485,0.7049500942230225,0.7049500942230225,0.8051577806472778,0.2705167233943939,0.08373860269784927,1.0,2.3241665465171737,0.5662063360214233,1.7547121047973633,0.7141368389129639,0.7141368389129639,0.8160349130630493,0.26728031039237976,0.08596734702587128,1.0
191,2.3240711092948914,0.5793536901473999,1.7447025775909424,0.7049500942230225,0.7049500942230225,0.8045692443847656,0.2705709934234619,0.08377116918563843,1.0,2.3217215713588426,0.5649365186691284,1.7486071586608887,0.7141368389129639,0.7141368389129639,0.8161969184875488,0.26728031039237976,0.08596734702587128,1.0
192,2.3210346698760986,0.575226902961731,1.745793104171753,0.7049500942230225,0.7049500942230225,0.8052076697349548,0.2705167233943939,0.08377116918563843,1.0,2.319605847123846,0.5745046138763428,1.742545485496521,0.7141368389129639,0.7141368389129639,0.8161969184875488,0.26728031039237976,0.08614102005958557,1.0
193,2.3194884061813354,0.5756275057792664,1.7438459396362305,0.7049500942230225,0.7049283385276794,0.8054225444793701,0.27052757143974304,0.08373860269784927,1.0,2.317188706320166,0.5658762454986572,1.7529832124710083,0.7141368389129639,0.7141368389129639,0.8171700835227966,0.26728031039237976,0.08596734702587128,1.0
194,2.316683828830719,0.5732327699661255,1.743436336517334,0.7049500942230225,0.7049500942230225,0.80584716796875,0.2705167233943939,0.08380373567342758,1.0,2.3155829296131936,0.5671132206916809,1.7515650987625122,0.7141368389129639,0.7141368389129639,0.8160349130630493,0.26728031039237976,0.08579368144273758,1.0
195,2.315126597881317,0.5712031126022339,1.7439086437225342,0.7049500942230225,0.7049174904823303,0.8055500388145447,0.2705167233943939,0.08373860269784927,1.0,2.312679307830959,0.5623629689216614,1.7436360120773315,0.7141368389129639,0.7141368389129639,0.8170077204704285,0.26728031039237976,0.08596734702587128,1.0
196,2.3124088644981384,0.5694848895072937,1.7429091930389404,0.7049500942230225,0.7049066424369812,0.8058875203132629,0.2705167233943939,0.08372774720191956,1.0,2.31054178663905,0.5599817037582397,1.7441612482070923,0.7141368389129639,0.7141368389129639,0.8170077204704285,0.26728031039237976,0.08596734702587128,1.0
197,2.311145305633545,0.5679128170013428,1.7432177066802979,0.7049500942230225,0.7049066424369812,0.8060976266860962,0.2705167233943939,0.08373860269784927,1.0,2.3133329267756895,0.5715191960334778,1.7522608041763306,0.7141368389129639,0.7134421467781067,0.8157267570495605,0.26728031039237976,0.08475165069103241,1.0
198,2.312735617160797,0.5680834054946899,1.7446374893188477,0.7049500942230225,0.7046352624893188,0.805767297744751,0.27396872639656067,0.08331523835659027,1.0,2.319773958639454,0.5797996520996094,1.744600772857666,0.7141368389129639,0.7141368389129639,0.8115255832672119,0.26728031039237976,0.08614102005958557,1.0
199,2.384269893169403,0.6232027411460876,1.7610522508621216,0.6899695992469788,0.6884607076644897,0.7717515826225281,0.27162396907806396,0.06288536638021469,0.7913934588432312,2.506006392723738,0.6515247821807861,1.869303822517395,0.7141368389129639,0.7141368389129639,0.8697123527526855,0.26797500252723694,0.07016324996948242,0.7062937021255493
200,2.8985729813575745,1.0531129837036133,1.8454450368881226,0.6506838798522949,0.6299066543579102,0.7925994992256165,0.27203646302223206,0.02522796392440796,0.729899525642395,2.567251815941649,0.7080478072166443,1.8621350526809692,0.7051059603691101,0.6354637145996094,0.9672217965126038,0.24400833249092102,0.0,0.0
201,3.190891683101654,1.3705551624298096,1.8203215599060059,0.609075129032135,0.5903820991516113,0.7119891047477722,0.2706361413002014,0.0,0.0,4.769494160880393,2.8573238849639893,1.8982149362564087,0.6998957991600037,0.6295588612556458,0.7222554087638855,0.1912122219800949,0.0,0.0
202,3.779754400253296,1.9324498176574707,1.8472893238067627,0.6675857305526733,0.5876790881156921,0.7979276776313782,0.20825010538101196,0.0,0.0,3.2968271226674246,1.4753414392471313,1.8233674764633179,0.49826329946517944,0.08666203171014786,0.8942652344703674,0.13685306906700134,0.0,0.0
203,3.187995135784149,1.3591779470443726,1.8288023471832275,0.5477095246315002,0.37839773297309875,0.6871685981750488,0.17060355842113495,0.0,0.0,2.9661504982991036,1.1406418085098267,1.8218445777893066,0.6345953345298767,0.3891976475715637,0.7482470870018005,0.1776658594608307,0.0,0.0
204,2.869527757167816,1.0264835357666016,1.843029260635376,0.6848892569541931,0.622329592704773,0.8342767953872681,0.1957012563943863,0.0,0.0,2.5191450523145913,0.67490154504776,1.838277816772461,0.7139632105827332,0.7073636651039124,0.9800288677215576,0.20718999207019806,0.0,0.0
205,2.6337148547172546,0.8106992244720459,1.8230007886886597,0.6812418699264526,0.6409900188446045,0.843410313129425,0.20996525883674622,0.0,0.0,2.4661024449889384,0.6337160468101501,1.8268980979919434,0.7141368389129639,0.7115317583084106,0.8061786890029907,0.20076414942741394,0.0,0.0
206,2.477743446826935,0.644789457321167,1.8329390287399292,0.7049500942230225,0.7046352624893188,0.826775848865509,0.17371906340122223,0.0,0.0,2.468438250441318,0.6440226435661316,1.822611689567566,0.7141368389129639,0.7141368389129639,0.8892733454704285,0.1990274339914322,0.0,0.0
207,2.4055429100990295,0.5910316705703735,1.8144961595535278,0.7049500942230225,0.7049500942230225,0.8972587585449219,0.20089013874530792,0.0,0.0,2.355739511686632,0.559529185295105,1.78986394405365,0.7141368389129639,0.7141368389129639,0.89508056640625,0.259291410446167,0.0,0.0
208,2.377795398235321,0.58936607837677,1.7884142398834229,0.7049283385276794,0.7009227275848389,0.8811031579971313,0.3271385133266449,0.0,0.0,2.319974568288498,0.526318371295929,1.7857069969177246,0.7141368389129639,0.7141368389129639,0.8467874526977539,0.3193817436695099,0.0,0.0
209,2.3322970271110535,0.5375505089759827,1.794731616973877,0.7049500942230225,0.7049500942230225,0.8182138800621033,0.3264003396034241,0.0,0.0,2.3172629641426568,0.525433361530304,1.7983733415603638,0.7141368389129639,0.7141368389129639,0.8403842449188232,0.31781870126724243,0.0,0.0
210,2.3263492584228516,0.5243062973022461,1.802027940750122,0.7049500942230225,0.7049500942230225,0.8764660358428955,0.32134172320365906,0.0,0.0,2.3040027557954725,0.5073906779289246,1.7981559038162231,0.7141368389129639,0.7141368389129639,0.9282166957855225,0.30635637044906616,0.0,0.0
211,2.3090614676475525,0.5085623264312744,1.8004841804504395,0.7049500942230225,0.7049500942230225,0.9030984044075012,0.318378210067749,0.0,0.0,2.2802598521128923,0.48343488574028015,1.7922710180282593,0.7141368389129639,0.7141368389129639,0.8710018992424011,0.3021882474422455,0.0,0.0
212,2.2874242663383484,0.49383676052093506,1.7935724258422852,0.7049500942230225,0.7049174904823303,0.8639260530471802,0.30846720933914185,0.0,0.0,2.2657324387489735,0.4855969250202179,1.7862974405288696,0.7141368389129639,0.7134421467781067,0.9034528136253357,0.29524141550064087,0.0,0.0
213,2.2773576974868774,0.49034902453422546,1.7869937419891357,0.7049500942230225,0.7042553424835205,0.8926129341125488,0.31927919387817383,0.0,0.0,2.255636714158186,0.4653455317020416,1.7803071737289429,0.7141368389129639,0.7137895226478577,0.8698412775993347,0.3127822279930115,0.0,0.0
214,2.267011344432831,0.4806804060935974,1.786316156387329,0.7049500942230225,0.7048740983009338,0.8547527194023132,0.3246634900569916,0.0,0.0,2.250777578635446,0.4623958170413971,1.7838220596313477,0.7141368389129639,0.7141368389129639,0.8640470504760742,0.3127822279930115,0.0,0.0
215,2.261752963066101,0.47519031167030334,1.7865480184555054,0.7049500942230225,0.7049500942230225,0.8609877228736877,0.3246634900569916,0.0,0.0,2.2446897094470835,0.46257391571998596,1.7826193571090698,0.7141368389129639,0.7141368389129639,0.8616932034492493,0.3127822279930115,0.0,0.0
216,2.2541142106056213,0.4717148244380951,1.7823846340179443,0.7049500942230225,0.7049500942230225,0.8440123796463013,0.32469603419303894,0.0,0.0,2.2368662937849337,0.4582938849925995,1.774274468421936,0.7141368389129639,0.7141368389129639,0.8516983985900879,0.3129558861255646,0.0,0.0
217,2.2469128370285034,0.4697342813014984,1.7771638631820679,0.7049500942230225,0.7048306465148926,0.844253420829773,0.325586199760437,0.0,0.0,2.2304388265222177,0.45938849449157715,1.7770766019821167,0.7141368389129639,0.7139632105827332,0.8566368222236633,0.31695032119750977,0.0,0.0
218,2.240079343318939,0.46550092101097107,1.7745635509490967,0.7049500942230225,0.7048089504241943,0.8420267701148987,0.32886451482772827,0.0,0.0,2.224295776393025,0.44810399413108826,1.7717851400375366,0.7141368389129639,0.7141368389129639,0.8497623205184937,0.3164293169975281,0.0,0.0
219,2.234374761581421,0.46111804246902466,1.7732419967651367,0.7049500942230225,0.7049391865730286,0.8402318358421326,0.3260746896266937,0.0,0.0,2.219460748392246,0.4502544403076172,1.7697080373764038,0.7141368389129639,0.7141368389129639,0.8529350757598877,0.3127822279930115,0.0,0.0
220,2.229365050792694,0.45862194895744324,1.7707282304763794,0.7049500942230225,0.704884946346283,0.8420957326889038,0.32470691204071045,0.0,0.0,2.2149815671184734,0.45001962780952454,1.7685850858688354,0.7141368389129639,0.7139632105827332,0.853435754776001,0.3127822279930115,0.0,0.0
221,2.2248915433883667,0.4570043683052063,1.7678724527359009,0.7049500942230225,0.7047112584114075,0.8449453711509705,0.3246634900569916,0.0,0.0,2.2109367898786676,0.43941470980644226,1.7643340826034546,0.7141368389129639,0.7139632105827332,0.858963668346405,0.3127822279930115,0.0,0.0
222,2.220532476902008,0.45445501804351807,1.766062617301941,0.7049500942230225,0.7048632502555847,0.8462841510772705,0.3246634900569916,0.0,0.0,2.2072018233799775,0.44351503252983093,1.7629928588867188,0.7141368389129639,0.7141368389129639,0.8561316132545471,0.3127822279930115,0.0,0.0
223,2.2164324522018433,0.452062726020813,1.764354944229126,0.7049500942230225,0.7048957943916321,0.8464335799217224,0.3246743381023407,0.0,0.0,2.203443753301124,0.4409095346927643,1.759735107421875,0.7141368389129639,0.7141368389129639,0.8609715104103088,0.3127822279930115,0.0,0.0
224,2.212563216686249,0.45026475191116333,1.7622836828231812,0.7049500942230225,0.7048632502555847,0.8509422540664673,0.3247394561767578,0.0,0.0,2.1999191149691404,0.43457210063934326,1.754233479499817,0.7141368389129639,0.7141368389129639,0.8627780079841614,0.3127822279930115,0.0,0.0
225,2.2088738083839417,0.4482327997684479,1.760626196861267,0.7049500942230225,0.7049066424369812,0.8542861938476562,0.3247937560081482,0.0,0.0,2.196338325625039,0.4325903654098511,1.7575114965438843,0.7141368389129639,0.7141368389129639,0.8665964007377625,0.3127822279930115,0.0,0.0
226,2.2052343487739563,0.4459376335144043,1.7592819929122925,0.7049500942230225,0.7049500942230225,0.8550587296485901,0.3247828781604767,0.0,0.0,2.1927991901350006,0.4392997920513153,1.755670428276062,0.7141368389129639,0.7141368389129639,0.8669618368148804,0.3127822279930115,0.0,0.0
227,2.2016711235046387,0.44400981068611145,1.7576465606689453,0.7049500942230225,0.7049500942230225,0.8595632314682007,0.32470691204071045,0.0,0.0,2.1892927963313813,0.4345284700393677,1.7513885498046875,0.7141368389129639,0.7141368389129639,0.8741496801376343,0.3127822279930115,0.0,0.0
228,2.1981910467147827,0.44224652647972107,1.755929708480835,0.7049500942230225,0.7049500942230225,0.8659359216690063,0.32470691204071045,0.0,0.0,2.185935489333889,0.43238839507102966,1.7486752271652222,0.7141368389129639,0.7141368389129639,0.879948616027832,0.3127822279930115,0.0,0.0
229,2.194763481616974,0.44036486744880676,1.7543838024139404,0.7049500942230225,0.7049500942230225,0.8741889595985413,0.32470691204071045,0.0,0.0,2.1826551943530883,0.4331105053424835,1.7533092498779297,0.7141368389129639,0.7141368389129639,0.8844912648200989,0.3127822279930115,0.0,0.0
230,2.1913906931877136,0.4386860430240631,1.7526899576187134,0.7049500942230225,0.7049500942230225,0.8805901408195496,0.32470691204071045,0.0,0.0,2.179405106318912,0.426259309053421,1.7497459650039673,0.7141368389129639,0.7141368389129639,0.8943018913269043,0.3127822279930115,0.0,0.0
231,2.188075065612793,0.4371611475944519,1.7508991956710815,0.7049500942230225,0.7049500942230225,0.8893210291862488,0.32470691204071045,0.0,0.0,2.1762082279453097,0.42526569962501526,1.7439531087875366,0.7141368389129639,0.7141368389129639,0.9025461077690125,0.3127822279930115,0.0,0.0
232,2.184799075126648,0.4356258511543274,1.749158501625061,0.7049500942230225,0.7049500942230225,0.8977549076080322,0.32470691204071045,0.0,0.0,2.173038265695999,0.4282930791378021,1.7394243478775024,0.7141368389129639,0.7141368389129639,0.9117516875267029,0.3127822279930115,0.0,0.0
233,2.1815547347068787,0.4341501295566559,1.747389793395996,0.7049500942230225,0.7049500942230225,0.9040790796279907,0.32470691204071045,0.0,0.0,2.1698831113190566,0.420292466878891,1.7475544214248657,0.7141368389129639,0.7141368389129639,0.9139809012413025,0.3127822279930115,0.0,0.0
234,2.178344190120697,0.4327889084815979,1.7455403804779053,0.7049500942230225,0.7049500942230225,0.9069072604179382,0.32470691204071045,0.0,0.0,2.166764044687126,0.4233592450618744,1.7444028854370117,0.7141368389129639,0.7141368389129639,0.9158129096031189,0.3127822279930115,0.0,0.0
235,2.1751667261123657,0.43143534660339355,1.7437164783477783,0.7049500942230225,0.7049500942230225,0.9080358743667603,0.32470691204071045,0.0,0.0,2.1636898812422865,0.42296555638313293,1.7438751459121704,0.7141368389129639,0.7141368389129639,0.9166294932365417,0.3127822279930115,0.0,0.0
236,2.172017991542816,0.4301319718360901,1.7418708801269531,0.7049500942230225,0.7049500942230225,0.908620297908783,0.32470691204071045,0.0,0.0,2.160634273702629,0.4225133955478668,1.7412196397781372,0.7141368389129639,0.7141368389129639,0.9168338775634766,0.3127822279930115,0.0,0.0
237,2.1689006686210632,0.42888474464416504,1.74000084400177,0.7049500942230225,0.7049500942230225,0.908925473690033,0.32470691204071045,0.0,0.0,2.1576123427251597,0.42327436804771423,1.7360057830810547,0.7141368389129639,0.7141368389129639,0.917447566986084,0.3127822279930115,0.0,0.0
238,2.165815830230713,0.4276365637779236,1.7381641864776611,0.7049500942230225,0.7049500942230225,0.9093455076217651,0.32470691204071045,0.0,0.0,2.1546172292417185,0.41881537437438965,1.733594536781311,0.7141368389129639,0.7141368389129639,0.917447566986084,0.3127822279930115,0.0,0.0
239,2.162760555744171,0.42645207047462463,1.7362935543060303,0.7049500942230225,0.7049500942230225,0.9101611971855164,0.32470691204071045,0.0,0.0,2.1516428739919395,0.4200252294540405,1.7336665391921997,0.7141368389129639,0.7141368389129639,0.9178571701049805,0.3127822279930115,0.0,0.0
240,2.159736752510071,0.4253072142601013,1.7344143390655518,0.7049500942230225,0.7049500942230225,0.9116688966751099,0.32470691204071045,0.0,0.0,2.1487075272182823,0.41623345017433167,1.7316950559616089,0.7141368389129639,0.7141368389129639,0.918472170829773,0.3127822279930115,0.0,0.0
241,2.1567546725273132,0.42417633533477783,1.7325632572174072,0.7049826383590698,0.7049500942230225,0.9134513735771179,0.32470691204071045,0.0,0.0,2.145831021139629,0.4154600203037262,1.7329620122909546,0.7141368389129639,0.7141368389129639,0.9205282926559448,0.3127822279930115,0.0,0.0
242,2.1538405418395996,0.42308396100997925,1.7307416200637817,0.7051237225532532,0.7049500942230225,0.9154214859008789,0.32470691204071045,0.0,0.0,2.1430186586853694,0.4152315557003021,1.7321041822433472,0.7141368389129639,0.7141368389129639,0.9228007197380066,0.3127822279930115,0.0,0.0
243,2.1509740948677063,0.421995609998703,1.7289634943008423,0.7051237225532532,0.7049500942230225,0.9182822108268738,0.32470691204071045,0.0,0.0,2.1402432212981966,0.412166565656662,1.7302676439285278,0.7141368389129639,0.7141368389129639,0.9275885224342346,0.3127822279930115,0.0,0.0
244,2.14813232421875,0.420915424823761,1.7272019386291504,0.7051454782485962,0.7049500942230225,0.9220502376556396,0.32470691204071045,0.0,0.0,2.137468627858137,0.4184974431991577,1.7244523763656616,0.7141368389129639,0.7141368389129639,0.9303167462348938,0.3127822279930115,0.0,0.0
245,2.145294427871704,0.4198930859565735,1.725386381149292,0.7052974104881287,0.7049500942230225,0.9257833957672119,0.32470691204071045,0.0,0.0,2.13470273864232,0.4102539122104645,1.7237545251846313,0.7141368389129639,0.7141368389129639,0.9332728385925293,0.3127822279930115,0.0,0.0
246,2.142475724220276,0.4189106822013855,1.7235500812530518,0.7054060101509094,0.7049500942230225,0.9291212558746338,0.32470691204071045,0.0,0.0,2.131955135609798,0.41194212436676025,1.7230896949768066,0.7143105268478394,0.7141368389129639,0.938812792301178,0.3127822279930115,0.0,0.0
247,2.139662504196167,0.41796278953552246,1.7216845750808716,0.7055470943450928,0.7049500942230225,0.9334886074066162,0.32470691204071045,0.0,0.0,2.1291903388628572,0.41048893332481384,1.71731436252594,0.7144842147827148,0.7141368389129639,0.9429029822349548,0.3127822279930115,0.0,0.0
248,2.1368408799171448,0.41704922914505005,1.7197766304016113,0.7056773900985718,0.7049500942230225,0.9391178488731384,0.32470691204071045,0.0,0.0,2.1264145876144775,0.40907061100006104,1.715093970298767,0.7146578431129456,0.7141368389129639,0.947902262210846,0.3127822279930115,0.0,0.0
249,2.1340138912200928,0.4161795377731323,1.7178192138671875,0.7058402299880981,0.7049500942230225,0.9433332085609436,0.32471776008605957,0.0,0.0,2.1236365438542792,0.40754351019859314,1.711403489112854,0.7150052189826965,0.7141368389129639,0.9518518447875977,0.3127822279930115,0.0,0.0
250,2.1312071084976196,0.41534608602523804,1.715846061706543,0.705937922000885,0.7049500942230225,0.9469785094261169,0.32477203011512756,0.0,0.0,2.1208849619891588,0.40354740619659424,1.7149434089660645,0.715178906917572,0.7141368389129639,0.9549465775489807,0.3127822279930115,0.0,0.0
251,2.1284260153770447,0.41451090574264526,1.713900089263916,0.7063395380973816,0.7049500942230225,0.9507635235786438,0.3247937560081482,0.0,0.0,2.1181509001216114,0.4051797091960907,1.70966374874115,0.7156999111175537,0.7139632105827332,0.9582750797271729,0.3127822279930115,0.0,0.0
252,2.125670611858368,0.4136449694633484,1.7120106220245361,0.7065349817276001,0.7049500942230225,0.9534016251564026,0.3247937560081482,0.0,0.0,2.1154510762882794,0.40812912583351135,1.7083691358566284,0.7160472273826599,0.7139632105827332,0.9596171975135803,0.3127822279930115,0.0,0.0
253,2.1229429841041565,0.4127960205078125,1.7101320028305054,0.7067303657531738,0.7049500942230225,0.9545227289199829,0.3247937560081482,0.0,0.0,2.112805107891166,0.4038420617580414,1.7055426836013794,0.7162209153175354,0.7139632105827332,0.9602896571159363,0.3127822279930115,0.0,0.0
254,2.120253324508667,0.4120190739631653,1.708219289779663,0.7069474458694458,0.7049500942230225,0.9549999833106995,0.3247937560081482,0.0,0.0,2.1102166524484947,0.40533581376075745,1.7043906450271606,0.7165682315826416,0.7139632105827332,0.9602896571159363,0.3127822279930115,0.0,0.0
255,2.117605209350586,0.411335825920105,1.706254243850708,0.7072622776031494,0.7049500942230225,0.9551404714584351,0.3247937560081482,0.0,0.0,2.107664014780509,0.4003249406814575,1.700922966003418,0.7169156074523926,0.7139632105827332,0.960738480091095,0.3127822279930115,0.0,0.0
256,2.1149942874908447,0.4107291102409363,1.7042500972747803,0.7074251174926758,0.7049500942230225,0.9553371667861938,0.3247937560081482,0.0,0.0,2.105122558687163,0.39827367663383484,1.7025741338729858,0.7170892953872681,0.7139632105827332,0.9609630703926086,0.3127822279930115,0.0,0.0
257,2.1124019622802734,0.41012486815452576,1.702262043952942,0.7075988054275513,0.7049391865730286,0.9557583332061768,0.3248046040534973,0.0,0.0,2.1025816781440514,0.40523019433021545,1.7020219564437866,0.7172629237174988,0.7139632105827332,0.9609630703926086,0.3127822279930115,0.0,0.0
258,2.1098186373710632,0.4095085859298706,1.700295090675354,0.7077615857124329,0.7048740983009338,0.9557825922966003,0.3248588740825653,0.0,0.0,2.100056685934302,0.4045160114765167,1.6974178552627563,0.7177839279174805,0.7139632105827332,0.9609630703926086,0.3127822279930115,0.0,0.0
259,2.1072551012039185,0.4089035391807556,1.6983364820480347,0.7079895734786987,0.7048632502555847,0.9558804035186768,0.32488059997558594,0.0,0.0,2.0975799904220755,0.39800557494163513,1.6917009353637695,0.717957615852356,0.7139632105827332,0.9609630703926086,0.3127822279930115,0.0,0.0
260,2.104775071144104,0.4082416892051697,1.6965184211730957,0.7082067131996155,0.7048632502555847,0.9559929966926575,0.32488059997558594,0.0,0.0,2.0952495226805388,0.40352964401245117,1.6984772682189941,0.7181313037872314,0.7139632105827332,0.9609630703926086,0.3127822279930115,0.0,0.0
261,2.1024253964424133,0.40748733282089233,1.6949230432510376,0.7085431814193726,0.7048523426055908,0.9561049342155457,0.32488059997558594,0.0,0.0,2.0930052455327046,0.40176108479499817,1.6916017532348633,0.7181313037872314,0.7139632105827332,0.9611877202987671,0.3131295442581177,0.0,0.0
262,2.1001248359680176,0.4066387414932251,1.693471074104309,0.7089231610298157,0.7048197984695435,0.9564833045005798,0.32514113187789917,0.0,0.0,2.090796042498966,0.39803755283355713,1.6881103515625,0.7181313037872314,0.7139632105827332,0.9614125490188599,0.31399792432785034,0.0,0.0
263,2.097844660282135,0.4057624340057373,1.6920671463012695,0.7094876170158386,0.704776406288147,0.9572705030441284,0.3272036612033844,0.0,0.0,2.088607592150419,0.3945298194885254,1.6878458261489868,0.7189996242523193,0.7137895226478577,0.9623039364814758,0.31764501333236694,0.0,0.0
264,2.0955827832221985,0.40490931272506714,1.690658450126648,0.7099543809890747,0.704776406288147,0.9582170844078064,0.3294941484928131,0.0,0.0,2.0864437486861225,0.39650484919548035,1.6852155923843384,0.7193470001220703,0.7137895226478577,0.9632059931755066,0.3190343976020813,0.0,0.0
265,2.09333997964859,0.40407097339630127,1.6892539262771606,0.7103777527809143,0.7047112584114075,0.9596298336982727,0.3302540183067322,0.0,0.0,2.084309332401399,0.40108856558799744,1.6945977210998535,0.7200416922569275,0.7137895226478577,0.9645622968673706,0.32025009393692017,0.0,0.0
266,2.0911276936531067,0.4032471179962158,1.6878656148910522,0.7107468247413635,0.7046678066253662,0.9611193537712097,0.332446813583374,0.0,0.0,2.082205416635326,0.39776813983917236,1.680782437324524,0.720215380191803,0.7134421467781067,0.9674988389015198,0.3263285756111145,0.0,0.0
267,2.088947594165802,0.40238267183303833,1.6865499019622803,0.7110725045204163,0.7046135663986206,0.9642862677574158,0.3392748534679413,0.0,0.0,2.0801161646470296,0.3926231861114502,1.6802921295166016,0.7203890085220337,0.7134421467781067,0.9716177582740784,0.3331017792224884,0.0,0.0
268,2.0867820382118225,0.4014591574668884,1.6853078603744507,0.7113221883773804,0.7045049667358398,0.9678906202316284,0.34726443886756897,0.0,0.0,2.0780358640797316,0.39485183358192444,1.683038592338562,0.7203890085220337,0.7134421467781067,0.9741522669792175,0.33952760696411133,0.0,0.0
269,2.0846292972564697,0.4005517065525055,1.6840626001358032,0.7117781043052673,0.7044507265090942,0.9708130955696106,0.3530612289905548,0.0,0.0,2.075974522965283,0.39487147331237793,1.6794333457946777,0.7210837006568909,0.713268518447876,0.9790226221084595,0.3447377681732178,0.0,0.0
270,2.0824970602989197,0.3996659219264984,1.6828160285949707,0.7122014760971069,0.7044181227684021,0.9751299619674683,0.35705602169036865,0.0,0.0,2.073940165219269,0.3993907868862152,1.680129051208496,0.721778392791748,0.713268518447876,0.9818311929702759,0.3482111990451813,0.0,0.0
271,2.080383062362671,0.39878201484680176,1.6815860271453857,0.7126139998435974,0.7043747305870056,0.9790717363357544,0.36079028248786926,0.0,0.0,2.0719150720929553,0.3883633613586426,1.6781295537948608,0.7222993969917297,0.713268518447876,0.9841840267181396,0.3541160225868225,0.0,0.0
272,2.0782811045646667,0.39790764451026917,1.6803584098815918,0.7134064435958862,0.704298734664917,0.9822266697883606,0.3653929531574249,0.0,0.0,2.0698967893407674,0.38976338505744934,1.6792821884155273,0.7229940891265869,0.713268518447876,0.9865481853485107,0.35932615399360657,0.0,0.0
273,2.0761889815330505,0.39703449606895447,1.6791393756866455,0.7145679593086243,0.704298734664917,0.984372615814209,0.36961570382118225,0.0,0.0,2.0678841942670902,0.3903845548629761,1.6728423833847046,0.7247307896614075,0.713268518447876,0.98797208070755,0.3626258969306946,0.0,0.0
274,2.0741016268730164,0.396164208650589,1.6779224872589111,0.7166630625724792,0.704298734664917,0.9855688810348511,0.37231871485710144,0.0,0.0,2.0658697824421837,0.38917818665504456,1.6789655685424805,0.7266411781311035,0.7130948305130005,0.9898746609687805,0.3660993278026581,0.0,0.0
275,2.0720296502113342,0.3952864110469818,1.6767280101776123,0.7192032337188721,0.704298734664917,0.9864979982376099,0.3748805820941925,0.0,0.0,2.063884251645225,0.38607993721961975,1.678967833518982,0.728725254535675,0.7130948305130005,0.9905910491943359,0.3685307502746582,0.0,0.0
276,2.069994032382965,0.39437371492385864,1.675605297088623,0.7214937210083008,0.7042770385742188,0.9872782230377197,0.37659573554992676,0.0,0.0,2.061936592302127,0.3908658027648926,1.6745123863220215,0.7301146388053894,0.712921142578125,0.991067111492157,0.3695727586746216,0.0,0.0
277,2.0679848194122314,0.3934501111507416,1.6745197772979736,0.7233499884605408,0.7042118906974792,0.9878784418106079,0.37748590111732483,0.0,0.0,2.060016776174669,0.38915109634399414,1.673309326171875,0.7309829592704773,0.712921142578125,0.9920251369476318,0.37026745080947876,0.0,0.0
278,2.0659961700439453,0.3925545811653137,1.673426628112793,0.7244789600372314,0.7042118906974792,0.9884805083274841,0.3778441250324249,0.0,0.0,2.0581151013077856,0.3913700580596924,1.6730657815933228,0.7327197194099426,0.7127474546432495,0.9929832816123962,0.37026745080947876,0.0,0.0
279,2.0640249252319336,0.39163869619369507,1.6723712682724,0.7262375354766846,0.7041467428207397,0.9895048141479492,0.37838688492774963,0.0,0.0,2.0562283391545075,0.38884297013282776,1.6731427907943726,0.7342827320098877,0.7127474546432495,0.9929832816123962,0.37113580107688904,0.0,0.0
280,2.0620707869529724,0.39070817828178406,1.6713476181030273,0.7293204665184021,0.7040708065032959,0.9905615448951721,0.37923359870910645,0.0,0.0,2.054355719636902,0.3821604549884796,1.668723702430725,0.7386245131492615,0.7125738263130188,0.9934624433517456,0.3723514974117279,0.0,0.0
281,2.060132682323456,0.38979583978652954,1.6703217029571533,0.734183669090271,0.703951358795166,0.991559624671936,0.3798089325428009,0.0,0.0,2.0524998546764643,0.38555631041526794,1.6675643920898438,0.7438346743583679,0.7125738263130188,0.9937030673027039,0.3726988434791565,0.0,0.0
282,2.058210253715515,0.38889771699905396,1.669297456741333,0.7426291704177856,0.7038753628730774,0.9927428364753723,0.38021060824394226,0.0,0.0,2.0506582017489796,0.38017866015434265,1.668460488319397,0.75234454870224,0.7124001383781433,0.9949066042900085,0.37321987748146057,0.0,0.0
283,2.0563031435012817,0.38800686597824097,1.6682813167572021,0.7537885308265686,0.7038645148277283,0.994371771812439,0.3804819881916046,0.0,0.0,2.0488309505375857,0.3844556510448456,1.6607052087783813,0.7639805674552917,0.7120528221130371,0.9956289529800415,0.37321987748146057,0.0,0.0
284,2.05441153049469,0.3871108591556549,1.667285680770874,0.7674663662910461,0.70384281873703,0.9962202906608582,0.3807859420776367,0.0,0.0,2.0470188676006638,0.38409683108329773,1.6710467338562012,0.7766585350036621,0.7120528221130371,0.9965969920158386,0.37391453981399536,0.0,0.0
285,2.052535057067871,0.3862238824367523,1.6662962436676025,0.7836409211158752,0.7037885189056396,0.9972006678581238,0.3811984360218048,0.0,0.0,2.0452190924535487,0.38240715861320496,1.662392497062683,0.793678343296051,0.7118791341781616,0.9970809817314148,0.37460923194885254,0.0,0.0
286,2.0506733059883118,0.38534659147262573,1.6653116941452026,0.798610508441925,0.7037776708602905,0.9976916909217834,0.3814263939857483,0.0,0.0,2.043433144507453,0.3762931823730469,1.6650028228759766,0.8080930709838867,0.7118791341781616,0.9975663423538208,0.37460923194885254,0.0,0.0
287,2.048825204372406,0.38447025418281555,1.6643400192260742,0.8109422326087952,0.7037559747695923,0.9981985092163086,0.38156750798225403,0.0,0.0,2.041658449603601,0.37762451171875,1.6659342050552368,0.8169503211975098,0.7118791341781616,0.9980521202087402,0.374782919883728,0.0,0.0
288,2.046989679336548,0.3835841119289398,1.6633906364440918,0.8160660266876221,0.703603982925415,0.998505711555481,0.38181719183921814,0.0,0.0,2.0398949544104323,0.3774249851703644,1.662485957145691,0.8183397054672241,0.7118791341781616,0.9982951879501343,0.3753039240837097,0.0,0.0
289,2.0451658964157104,0.38270315527915955,1.6624476909637451,0.8166738748550415,0.7034411430358887,0.9987977743148804,0.38207772374153137,0.0,0.0,2.0381430387911013,0.3789116442203522,1.6584049463272095,0.8186870217323303,0.7115317583084106,0.9982943534851074,0.3753039240837097,0.0,0.0
290,2.0433550477027893,0.38184332847595215,1.661496639251709,0.816847562789917,0.7033434510231018,0.998843789100647,0.38229483366012573,0.0,0.0,2.036403692029507,0.3804333508014679,1.6653022766113281,0.8188607096672058,0.7115317583084106,0.9987810850143433,0.3753039240837097,0.0,0.0
291,2.041558265686035,0.38097724318504333,1.660565972328186,0.8171406984329224,0.7032566070556641,0.9989360570907593,0.3823491036891937,0.0,0.0,2.0346776834582654,0.3749041259288788,1.6570411920547485,0.8190343976020813,0.7115317583084106,0.9987810850143433,0.3753039240837097,0.0,0.0
292,2.0397753715515137,0.38011637330055237,1.6596441268920898,0.8177703022956848,0.7032132148742676,0.9989976286888123,0.38242509961128235,0.0,0.0,2.032965315179139,0.37465059757232666,1.6571208238601685,0.8202500939369202,0.7115317583084106,0.9990246295928955,0.3758249282836914,0.0,0.0
293,2.0380055904388428,0.37926721572875977,1.6587233543395996,0.8189209699630737,0.703137218952179,0.9993366003036499,0.3825770616531372,0.0,0.0,2.031265625070888,0.37078389525413513,1.6616994142532349,0.8211184144020081,0.7115317583084106,0.9992682933807373,0.3758249282836914,0.0,0.0
294,2.0362489223480225,0.37842634320259094,1.6578075885772705,0.8206686973571777,0.7029526829719543,0.9995214939117432,0.3826856315135956,0.0,0.0,2.0295775976807096,0.37435850501060486,1.6525546312332153,0.8237234950065613,0.7113581299781799,0.9995119571685791,0.3763459622859955,0.0,0.0
295,2.034505784511566,0.37759917974472046,1.6568915843963623,0.8240664601325989,0.7027463912963867,0.9997065663337708,0.3828050494194031,0.0,0.0,2.027904240858973,0.3759079873561859,1.6544899940490723,0.8282389640808105,0.7113581299781799,0.9997559189796448,0.3765196204185486,0.0,0.0
296,2.032776713371277,0.37677788734436035,1.655983805656433,0.8290382027626038,0.7026704549789429,0.9997528791427612,0.3828810155391693,0.0,0.0,2.026243037173797,0.3701763153076172,1.6535242795944214,0.8341438174247742,0.7111844420433044,0.999755859375,0.3765196204185486,0.0,0.0
297,2.0310622453689575,0.37595996260643005,1.6550872325897217,0.8349109888076782,0.7026161551475525,0.9997528791427612,0.3830004334449768,0.0,0.0,2.024596481614744,0.3724282681941986,1.6523445844650269,0.8402222990989685,0.711010754108429,0.9997557997703552,0.3766933083534241,0.0,0.0
298,2.0293620824813843,0.37514492869377136,1.6542021036148071,0.8419018387794495,0.7025184631347656,0.9998455047607422,0.38309812545776367,0.0,0.0,2.022963110296707,0.3675643503665924,1.6509145498275757,0.847342848777771,0.711010754108429,0.9997557997703552,0.3768669664859772,0.0,0.0
299,2.0276758074760437,0.37434014678001404,1.653320550918579,0.848849356174469,0.7023013234138489,0.9999690651893616,0.38319581747055054,0.0,0.0,2.0213436101119773,0.3700345456600189,1.6494468450546265,0.8515109419822693,0.711010754108429,1.0,0.3770406246185303,0.0,0.0
